year,CP_total,VI_total,VI_as_pct_of_CP,CP_closed_norm,CP_open_norm,VI_closed_norm,VI_open_norm
2015,6873,1602,0.233085988651244,6873,0,1503,99
2016,7206,1417,0.19664168748265334,7206,0,1338,79
2017,7768,1673,0.2153707518022657,7768,0,1511,162
2018,10457,1306,0.1248924165630678,10448,9,1177,129
2019,11796,1423,0.12063411325873177,11787,9,1200,223
2020,10637,970,0.09119112531728871,10571,66,753,217
2021,10570,969,0.09167455061494796,10441,129,734,235
2022,13953,1009,0.07231419766358489,13182,771,682,327
2023,14673,1118,0.07619437061268998,13110,1563,772,346
2024,14288,1245,0.08713605823068309,12470,1818,731,514
2025,15973,969,0.060664871971451824,12002,3971,374,595
