RecordNum,RecordType,RecordTypeMapped,RecordTypeDesc,Description,OpenDate,LastInspDate,LastInspResult,StatusCurrent,OriginalAddress1,OriginalCity,OriginalState,OriginalZip,Link,Latitude,Longitude,Location1
003948-04CP,Complaint,Request,,HAS NO HOT WATER IN KITCHEN SINK.,2004-09-03,POINT (-122.32851868 47.59982559),Completed,Completed,308 4TH AVE S,SEATTLE,WA,98104,https://services.seattle.gov/portal/customize/LinkToRecord.aspx?altId=003948-04CP,47.59982559,-122.32851868,"(47.59982559, -122.32851868)"
1003449-VI,Notice of Violation,Case,,HAS NO HOT WATER IN KITCHEN SINK.,2004-09-17,POINT (-122.32851868 47.59982559),Compliance Achieved,Completed,308 4TH AVE S,SEATTLE,WA,98104,https://services.seattle.gov/portal/customize/LinkToRecord.aspx?altId=1003449-VI,47.59982559,-122.32851868,"(47.59982559, -122.32851868)"
002896-05CP,Complaint,Request,,Roach infestation in unit. Rodent and roach infestation thru out building. Water pressure thru out unit is low. Sometimes no hot water available. Best time to call,2005-06-21,POINT (-122.32851868 47.59982559),,Completed,308 4TH AVE S,SEATTLE,WA,98104,https://services.seattle.gov/portal/customize/LinkToRecord.aspx?altId=002896-05CP,47.59982559,-122.32851868,"(47.59982559, -122.32851868)"
005154-05CP,Complaint,Request,,No heat in the apartment. Told by management that tenants should buy their own space heaters. Forced to turn oven from the stove to try and keep warm.  Apartment is infested with roaches.,2005-12-15,POINT (-122.32851868 47.59982559),,Completed,308 4TH AVE S,SEATTLE,WA,98104,https://services.seattle.gov/portal/customize/LinkToRecord.aspx?altId=005154-05CP,47.59982559,-122.32851868,"(47.59982559, -122.32851868)"
003132-07CP,Complaint,Request,Weeds,Laurel Hedge growing over the sidewalk. It is 5-6feet high and droops over the sidewalk in the way of pedestrians.,2007-06-12,POINT (-122.32851868 47.59982559),Completed,Completed,308 4TH AVE S,SEATTLE,WA,98104,https://services.seattle.gov/portal/customize/LinkToRecord.aspx?altId=003132-07CP,47.59982559,-122.32851868,"(47.59982559, -122.32851868)"
1018788-VI,Notice of Violation,Case,,,2009-03-19,POINT (-122.32851868 47.59982559),Compliance Achieved,Completed,308 4TH AVE S,SEATTLE,WA,98104,https://services.seattle.gov/portal/customize/LinkToRecord.aspx?altId=1018788-VI,47.59982559,-122.32851868,"(47.59982559, -122.32851868)"
002645-10CP,Complaint,Request,Construction,,2010-05-27,POINT (-122.32851868 47.59982559),Completed,Completed,308 4TH AVE S,SEATTLE,WA,98104,https://services.seattle.gov/portal/customize/LinkToRecord.aspx?altId=002645-10CP,47.59982559,-122.32851868,"(47.59982559, -122.32851868)"
1022206-VI,Notice of Violation,Case,,,2010-04-08,POINT (-122.32851868 47.59982559),Compliance Achieved,Completed,308 4TH AVE S,SEATTLE,WA,98104,https://services.seattle.gov/portal/customize/LinkToRecord.aspx?altId=1022206-VI,47.59982559,-122.32851868,"(47.59982559, -122.32851868)"
1022640-VI,Notice of Violation,Case,Construction,,2010-05-27,POINT (-122.32851868 47.59982559),Compliance Achieved,Completed,308 4TH AVE S,SEATTLE,WA,98104,https://services.seattle.gov/portal/customize/LinkToRecord.aspx?altId=1022640-VI,47.59982559,-122.32851868,"(47.59982559, -122.32851868)"
1024370-TR,Tenant Relocation,Request,,Application for a Tenant Relocation License. Total units: 240; total units occupied: 240. Substantial rehabilitation.,2010-11-10,POINT (-122.32851868 47.59982559),,Completed,308 4TH AVE S,SEATTLE,WA,98104,https://services.seattle.gov/portal/customize/LinkToRecord.aspx?altId=1024370-TR,47.59982559,-122.32851868,"(47.59982559, -122.32851868)"
002635-11CP,Complaint,Request,Construction,"Per 6/2/11 e-mail fro Rand Juliano to Peter Hahn/SDOT: ""During a routine inspection of the Downtown Seattle Transit Tunnel, King County's engineering staff noticed the east-west retaining wall located on the southern edge of the Downtowner's parking lot property at the northwest corner of International District Station, & adjacent to the north wall of the King County Metro traction power substation structure, is experiencing significant deterioration (rough depiction of location attached). The",2011-06-07,POINT (-122.32851868 47.59982559),Completed,Completed,308 4TH AVE S,SEATTLE,WA,98104,https://services.seattle.gov/portal/customize/LinkToRecord.aspx?altId=002635-11CP,47.59982559,-122.32851868,"(47.59982559, -122.32851868)"
1026094-TR,Tenant Relocation,Request,,"Violation of the Tenant Relocation Assistance Ordinance, Seattle Municipal Code Chapter 22.210.Application for a Tenant Relocation License. Total units: 240. Removal of Use Restrictions.",2011-09-09,POINT (-122.32851868 47.59982559),,Completed,308 4TH AVE S,SEATTLE,WA,98104,https://services.seattle.gov/portal/customize/LinkToRecord.aspx?altId=1026094-TR,47.59982559,-122.32851868,"(47.59982559, -122.32851868)"
1027313-TR,Tenant Relocation,Request,,Application for a Tenant Relocation License. Total units: 240; total occupied: 105. Substantial rehabilitation.,2012-04-18,POINT (-122.32851868 47.59982559),,Reviews In Process,308 4TH AVE S,SEATTLE,WA,98104,https://services.seattle.gov/portal/customize/LinkToRecord.aspx?altId=1027313-TR,47.59982559,-122.32851868,"(47.59982559, -122.32851868)"
1028572-VI,Notice of Violation,Case,,,2012-11-05,POINT (-122.32851868 47.59982559),,Completed,308 4TH AVE S,SEATTLE,WA,98104,https://services.seattle.gov/portal/customize/LinkToRecord.aspx?altId=1028572-VI,47.59982559,-122.32851868,"(47.59982559, -122.32851868)"
002794-14CP,Complaint,Request,,Bedbugs in hallway and bedroom - see attached.,2014-05-20,POINT (-122.32851868 47.59982559),Completed,Completed,308 4TH AVE S,SEATTLE,WA,98104,https://services.seattle.gov/portal/customize/LinkToRecord.aspx?altId=002794-14CP,47.59982559,-122.32851868,"(47.59982559, -122.32851868)"
1032075-VI,Notice of Violation,Case,,Bedbugs in hallway and bedroom - see attached.,2014-05-29,POINT (-122.32851868 47.59982559),,Completed,308 4TH AVE S,SEATTLE,WA,98104,https://services.seattle.gov/portal/customize/LinkToRecord.aspx?altId=1032075-VI,47.59982559,-122.32851868,"(47.59982559, -122.32851868)"
007464-15CP,Complaint,Request,Land Use,Walk-In per Scott T: Failure to prevent smoking.,2015-12-02,POINT (-122.32851868 47.59982559),Completed,Completed,308 4TH AVE S,SEATTLE,WA,98104,https://services.seattle.gov/portal/customize/LinkToRecord.aspx?altId=007464-15CP,47.59982559,-122.32851868,"(47.59982559, -122.32851868)"
002186-16CP,Complaint,Request,Weeds,Per online complaint: Multiple houses between 3rd Ave NW and 4th Ave NW have vegetation growing onto the sidewalk making to actually walk on the sidewalk.,2016-03-10,POINT (-122.36093226 47.67974003),,Completed,308 NW 70TH ST,SEATTLE,WA,98117,https://services.seattle.gov/portal/customize/LinkToRecord.aspx?altId=002186-16CP,47.67974003,-122.36093226,"(47.67974003, -122.36093226)"
007724-16CP,Complaint,Request,Construction,A wall was recently constructed closing off the North exit stairway enclosure. A door leading from the enclosure to the South main St. entrance is operable from within the enclosure but remains locked from S. Main St. Lobby. The Fire Marshall was notified with no results. See attached drawing.,2016-11-23,POINT (-122.32851868 47.59982559),Completed,Completed,308 4TH AVE S,SEATTLE,WA,98104,https://services.seattle.gov/portal/customize/LinkToRecord.aspx?altId=007724-16CP,47.59982559,-122.32851868,"(47.59982559, -122.32851868)"
001491-17CP,Complaint,Request,,Bedbug infestation - tenant first noticed upon moving in on October 4; property management refuses to treat his unit or any others,2017-01-31,POINT (-122.32851868 47.59982559),,Completed,308 4TH AVE S,SEATTLE,WA,98104,https://services.seattle.gov/portal/customize/LinkToRecord.aspx?altId=001491-17CP,47.59982559,-122.32851868,"(47.59982559, -122.32851868)"
001702-17CP,Complaint,Request,,Rodent infestation; toilet leaks at the base - MGMT told tenant weeks ago that they're waiting for parts to fix the issue.,2017-02-15,POINT (-122.32851868 47.59982559),Completed,Completed,308 4TH AVE S,SEATTLE,WA,98104,https://services.seattle.gov/portal/customize/LinkToRecord.aspx?altId=001702-17CP,47.59982559,-122.32851868,"(47.59982559, -122.32851868)"
002270-17CP,Complaint,Request,,"per handwritten complaint: rodent infestation, cracks and holes, broken light fixture. Landlord is unresponsive.",2017-03-20,POINT (-122.32851868 47.59982559),Completed,Completed,308 4TH AVE S,SEATTLE,WA,98104,https://services.seattle.gov/portal/customize/LinkToRecord.aspx?altId=002270-17CP,47.59982559,-122.32851868,"(47.59982559, -122.32851868)"
002410-17CP,Complaint,Request,,"Building uses steamed heating system to heat rental units. Tenant is concerned because the rental unit is particularly cold - radiators generally do not turn on during the day hours, even when temperatures drop. MGMT has told tenant ""you're in a cold room"", and that the temperature of the entire building must be below 60 degrees before heat turns on. Complainant believes the temperature in his unit typically does not meet the standards set forth in HBMC.",2017-03-28,POINT (-122.32851868 47.59982559),,Completed,308 4TH AVE S,SEATTLE,WA,98104,https://services.seattle.gov/portal/customize/LinkToRecord.aspx?altId=002410-17CP,47.59982559,-122.32851868,"(47.59982559, -122.32851868)"
004539-17CP,Complaint,Request,,Bedbug infestation throughout unit. Ongoing problem for several months - MGMT unresponsive.,2017-06-30,POINT (-122.32851868 47.59982559),Completed,Completed,308 4TH AVE S,SEATTLE,WA,98104,https://services.seattle.gov/portal/customize/LinkToRecord.aspx?altId=004539-17CP,47.59982559,-122.32851868,"(47.59982559, -122.32851868)"
007402-17CP,Complaint,Request,LandLord/Tenant,"PER ONLINE COMPLAINT:""Holding fee"" of $200 was paid to Heather Pickens for application that was never completed of processed. No receipt or request for refund were given. She has since refused to refund. The words ""HOLDING FEE"" are written on the front of the MO. They claim to have a photocopy of this money order.(HZT NOTES: on 10/13/17 emailed request to Michele Hunter to call Complainant.)",2017-10-13,POINT (-122.32851868 47.59982559),,Completed,308 4TH AVE S,SEATTLE,WA,98104,https://services.seattle.gov/portal/customize/LinkToRecord.aspx?altId=007402-17CP,47.59982559,-122.32851868,"(47.59982559, -122.32851868)"
007411-17CP,Complaint,Request,,PER PHONE COMPLAINT: HBMC violations.There is not adequate heat in the unit. There is a centralized heating system. It comes on for 15 minutes at 3:oopm and shuts off until 3:oopm the next day.,2017-10-13,POINT (-122.32851868 47.59982559),Completed,Completed,308 4TH AVE S,SEATTLE,WA,98104,https://services.seattle.gov/portal/customize/LinkToRecord.aspx?altId=007411-17CP,47.59982559,-122.32851868,"(47.59982559, -122.32851868)"
007961-17CP,Complaint,Request,,"per online complaint: My name is Shannon Diamond and I am currently living in the apartment complex Addison on 4th on the 7th floor. My apartment building is currently infested with bedbugs. Also there is a strong odor of bodily fluids, including of feces, ejaculates and urine.",2017-11-09,POINT (-122.32851868 47.59982559),,Completed,308 4TH AVE S,SEATTLE,WA,98104,https://services.seattle.gov/portal/customize/LinkToRecord.aspx?altId=007961-17CP,47.59982559,-122.32851868,"(47.59982559, -122.32851868)"
1039578-VI,Notice of Violation,Case,,Rodent infestation; toilet leaks at the base - MGMT told tenant weeks ago that they're waiting for parts to fix the issue.,2017-03-01,POINT (-122.32851868 47.59982559),Compliance Achieved,Completed,308 4TH AVE S,SEATTLE,WA,98104,https://services.seattle.gov/portal/customize/LinkToRecord.aspx?altId=1039578-VI,47.59982559,-122.32851868,"(47.59982559, -122.32851868)"
1039961-VI,Notice of Violation,Case,,"per handwritten complaint: rodent infestation, cracks and holes, broken light fixture. Landlord is unresponsive.",2017-04-14,POINT (-122.32851868 47.59982559),Compliance Achieved,Completed,308 4TH AVE S,SEATTLE,WA,98104,https://services.seattle.gov/portal/customize/LinkToRecord.aspx?altId=1039961-VI,47.59982559,-122.32851868,"(47.59982559, -122.32851868)"
1040700-VI,Notice of Violation,Case,,,2017-07-18,POINT (-122.32851868 47.59982559),Compliance Achieved,Completed,308 4TH AVE S,SEATTLE,WA,98104,https://services.seattle.gov/portal/customize/LinkToRecord.aspx?altId=1040700-VI,47.59982559,-122.32851868,"(47.59982559, -122.32851868)"
1044184-VI,Notice of Violation,Case,Land Use,"PER PHONE COMPLAINT: HBMC violations - windows.Windows are not properly insulated.On the bottom floor, diesel fuel from buses that comes into unit and covers walls and unit, causing tenant to get sick. Walls are covered with black soot, landlord refuses to do anything about it.",2018-05-07,POINT (-122.32851868 47.59982559),Compliance Achieved,Completed,308 4TH AVE S,SEATTLE,WA,98104,https://services.seattle.gov/portal/customize/LinkToRecord.aspx?altId=1044184-VI,47.59982559,-122.32851868,"(47.59982559, -122.32851868)"
005430-18CP,Complaint,Request,LandLord/Tenant,"POTA--per walk-in (SA)--Man said sub-tenant, tenant in jail, wants to pay rent and continue to live in unit. Referred to SPD",2018-06-11,POINT (-122.32851868 47.59982559),,Completed,308 4th AVE S,SEATTLE,WA,98104,https://services.seattle.gov/portal/customize/LinkToRecord.aspx?altId=005430-18CP,47.59982559,-122.32851868,"(47.59982559, -122.32851868)"
005450-18CP,Complaint,Request,LandLord/Tenant,"Had a water leak in the bldg. awhile back and it was not properly fixed. Now there's black mold everywhere and it smells awful, getting tenants sick. Tenant has asthma with this smell she's having constant asthma attacks, wants to know rights if she breaks lease",2018-06-08,POINT (-122.32851868 47.59982559),,Closed,308 4TH AVE S,SEATTLE,WA,98104,https://services.seattle.gov/portal/customize/LinkToRecord.aspx?altId=005450-18CP,47.59982559,-122.32851868,"(47.59982559, -122.32851868)"
008746-18CP,Complaint,Request,,HOUSING--per phone call--garbage in the stairwell for over a week. A gallon of milk has been spilled and smells awful.  Has asked the management to clean it up to no avail,2018-09-13,POINT (-122.32851868 47.59982559),,Closed,308 4th AVE S,SEATTLE,WA,,https://services.seattle.gov/portal/customize/LinkToRecord.aspx?altId=008746-18CP,47.59982559,-122.32851868,"(47.59982559, -122.32851868)"
009750-18CP,Complaint,Request,,"Property manager unresponsive to concerns about common areas overrun with unauthorized occupants, unsecured entry.",2018-10-16,POINT (-122.32851868 47.59982559),Completed,Completed,308 4TH AVE S,SEATTLE,WA,98104,https://services.seattle.gov/portal/customize/LinkToRecord.aspx?altId=009750-18CP,47.59982559,-122.32851868,"(47.59982559, -122.32851868)"
001258-18CP,Complaint,Request,,Rodent infestation.,2018-01-12,POINT (-122.32851868 47.59982559),Completed,Completed,308 4TH AVE S,SEATTLE,WA,98104,https://services.seattle.gov/portal/customize/LinkToRecord.aspx?altId=001258-18CP,47.59982559,-122.32851868,"(47.59982559, -122.32851868)"
002626-18CP,Complaint,Request,,She has bedbugs and the management has not been supportive. She also has a question about whether or not it's code compliant to have the lobby not locked when she's supposedly lives in a secure building. She's in,2018-03-09,POINT (-122.32851868 47.59982559),,Closed,308 4TH AVE S,SEATTLE,WA,98104,https://services.seattle.gov/portal/customize/LinkToRecord.aspx?altId=002626-18CP,47.59982559,-122.32851868,"(47.59982559, -122.32851868)"
002925-18CP,Complaint,Request,,"No water to take a bath with, sink works.  Owner turned water off to fix, it's been over 24hrs. Bed bugs in hallway, landlord won't get it treated.  They will call the cops or put up notices on your door if you bother them.",2018-03-21,POINT (-122.32851868 47.59982559),,Completed,308 4TH AVE S,SEATTLE,WA,98104,https://services.seattle.gov/portal/customize/LinkToRecord.aspx?altId=002925-18CP,47.59982559,-122.32851868,"(47.59982559, -122.32851868)"
002976-18CP,Complaint,Request,LandLord/Tenant,"On the bottom floor, diesel fuel from buses that comes into unit and covers walls and unit, causing tenant to get sick. Walls are covered with black soot, landlord refuses to do anything about it, what are rights?",2018-03-23,POINT (-122.32851868 47.59982559),,Completed,308 4TH AVE S,SEATTLE,WA,98104,https://services.seattle.gov/portal/customize/LinkToRecord.aspx?altId=002976-18CP,47.59982559,-122.32851868,"(47.59982559, -122.32851868)"
003012-18CP,Complaint,Request,Land Use,"PER PHONE COMPLAINT: HBMC violations - windows.Windows are not properly insulated.On the bottom floor, diesel fuel from buses that comes into unit and covers walls and unit, causing tenant to get sick. Walls are covered with black soot, landlord refuses to do anything about it.",2018-03-26,POINT (-122.32851868 47.59982559),Completed,Completed,308 4TH AVE S,SEATTLE,WA,98104,https://services.seattle.gov/portal/customize/LinkToRecord.aspx?altId=003012-18CP,47.59982559,-122.32851868,"(47.59982559, -122.32851868)"
000881-19CP,Complaint,Request,,Bedbugs,2019-01-29,POINT (-122.32851868 47.59982559),,Completed,308 4TH AVE S,SEATTLE,WA,98104,https://services.seattle.gov/portal/customize/LinkToRecord.aspx?altId=000881-19CP,47.59982559,-122.32851868,"(47.59982559, -122.32851868)"
001183-19CP,Complaint,Request,,"The Addison in fourth has a roof that is structurally unsound on the 9th floor. I have gathered pictures. There are feces in the hallway. The elevators are dangerous and constantly breakdown and people get stuck in them. Another tenant whom I have contact for, has a video of an office member here urinating on the floors of the building. They only fix things if threatened with reporting which I have done and they are trying to fix fast. The garbage room is absolutely disgusting",2019-02-16,POINT (-122.32851868 47.59982559),,Closed,308 4TH AVE S,SEATTLE,WA,98104,https://services.seattle.gov/portal/customize/LinkToRecord.aspx?altId=001183-19CP,47.59982559,-122.32851868,"(47.59982559, -122.32851868)"
001482-19CP,Complaint,Request,"Emergency , LandLord/Tenant","Mold around tub no drain in tub. Heater/thermostat knob is not attached to radiator. No heat since 2/5/2019. No lease when moved in, no receipt of full payment of deposit $900",2019-02-28,POINT (-122.32851868 47.59982559),Completed,Completed,308 4TH AVE S,SEATTLE,WA,98104,https://services.seattle.gov/portal/customize/LinkToRecord.aspx?altId=001482-19CP,47.59982559,-122.32851868,"(47.59982559, -122.32851868)"
001893-19CP,Complaint,Request,,"Broken window on the building, and generally an unsecured building that resulted in tenant being robbed at knifepoint inside the building. Frequent illegal entry by the landlord into tenants unit.",2019-03-12,POINT (-122.32851868 47.59982559),Completed,Completed,308 4TH AVE S,SEATTLE,WA,98104,https://services.seattle.gov/portal/customize/LinkToRecord.aspx?altId=001893-19CP,47.59982559,-122.32851868,"(47.59982559, -122.32851868)"
003344-19CP,Complaint,Request,,"Elevator in building is not working been like this since April 1st. Tenants have got stuck in it before. Have not been able to reach Mgmt. emergency line does not work. There is no access to building/Unit when elevator is down, what should tenants do?",2019-05-02,POINT (-122.32851868 47.59982559),Completed,Completed,308 4TH AVE S,SEATTLE,WA,98104,https://services.seattle.gov/portal/customize/LinkToRecord.aspx?altId=003344-19CP,47.59982559,-122.32851868,"(47.59982559, -122.32851868)"
006142-19CP,Complaint,Request,Land Use,Tenant says there is repeated junk and garbage that is left in what he describes as an awning. Mgmt is aware of this and has refused to clean it up. Junk is very toxic and tenant is not able to open window due to the smell. You have permission to view from his unit.,2019-07-12,POINT (-122.32851868 47.59982559),Completed,Completed,308 4TH AVE S,SEATTLE,WA,98104,https://services.seattle.gov/portal/customize/LinkToRecord.aspx?altId=006142-19CP,47.59982559,-122.32851868,"(47.59982559, -122.32851868)"
006480-19CP,Complaint,Request,,"HOUSING--per phone call--exposed electrical wiring, trash at the base of the stairwell, elevator does not work",2019-07-19,POINT (-122.32851868 47.59982559),,Closed,308 4TH AVE S,SEATTLE,WA,98104,https://services.seattle.gov/portal/customize/LinkToRecord.aspx?altId=006480-19CP,47.59982559,-122.32851868,"(47.59982559, -122.32851868)"
1047563-VI,Notice of Violation,Case,,Tenant says there is repeated junk and garbage that is left in what he describes as an awning. Mgmt is aware of this and has refused to clean it up. Junk is very toxic and tenant is not able to open window due to the smell. You have permission to view from his unit.,2019-07-31,POINT (-122.32851868 47.59982559),Compliance Achieved,Completed,308 4TH AVE S,SEATTLE,WA,98104,https://services.seattle.gov/portal/customize/LinkToRecord.aspx?altId=1047563-VI,47.59982559,-122.32851868,"(47.59982559, -122.32851868)"
007444-19CP,Complaint,Request,,HOUSING--per phone call--bed bug infestation.  Multiple units infested,2019-08-09,POINT (-122.32851868 47.59982559),Withdrawn,Closed,308 4TH AVE S,SEATTLE,WA,98104,https://services.seattle.gov/portal/customize/LinkToRecord.aspx?altId=007444-19CP,47.59982559,-122.32851868,"(47.59982559, -122.32851868)"
008518-19CP,Complaint,Request,,Bedbugs from furniture in hallway. Complainant is allergic.,2019-09-05,POINT (-122.32851868 47.59982559),,Closed,308 4TH AVE S,SEATTLE,WA,98104,https://services.seattle.gov/portal/customize/LinkToRecord.aspx?altId=008518-19CP,47.59982559,-122.32851868,"(47.59982559, -122.32851868)"
008631-19CP,Complaint,Request,,HOUSING--per walk in--refrigerator/freezer broken for over 1 month.  Kitchen sink handle broken off for 1 month.  Shower handle stuck for 3 days.  2 smoke detectors not mine for 2 months chirping,2019-09-09,POINT (-122.32851868 47.59982559),,Closed,308 4TH AVE S,SEATTLE,WA,,https://services.seattle.gov/portal/customize/LinkToRecord.aspx?altId=008631-19CP,47.59982559,-122.32851868,"(47.59982559, -122.32851868)"
008950-19CP,Complaint,Request,LandLord/Tenant,POTA--per phone call--questions about move out process,2019-09-17,POINT (-122.32851868 47.59982559),,Completed,308 4TH AVE S,SEATTLE,WA,,https://services.seattle.gov/portal/customize/LinkToRecord.aspx?altId=008950-19CP,47.59982559,-122.32851868,"(47.59982559, -122.32851868)"
009194-19CP,Complaint,Request,,"Bed bugs in unit, work in the bathroom (from a leak) that hasn't been completed. Black Mold in hallway and garbage chute",2019-09-23,POINT (-122.32851868 47.59982559),Completed,Completed,308 4TH AVE S,SEATTLE,WA,98104,https://services.seattle.gov/portal/customize/LinkToRecord.aspx?altId=009194-19CP,47.59982559,-122.32851868,"(47.59982559, -122.32851868)"
009902-19CP,Complaint,Request,,HOUSING--per phone call--landlord has set elevators to only let tenants off on the floor they live on.  Doors are locked to the stairwells and could present a safety issue.  All of the windows on the upper floors have been frosted so you can't see out of them.  Key fob doesn't work,2019-10-14,POINT (-122.32851868 47.59982559),Completed,Completed,308 4TH AVE S,SEATTLE,WA,98104,https://services.seattle.gov/portal/customize/LinkToRecord.aspx?altId=009902-19CP,47.59982559,-122.32851868,"(47.59982559, -122.32851868)"
010696-19CP,Complaint,Request,,"Per Online; While responding to this address on Fire/Ems calls we have observed unsafe/unsanitary conditions in common areas throughout the building (feces, needles, garbage etc). We are pursuing remedy through our code enforcement division but many of the problems are beyond our scope (Seattle Fire Code).",2019-11-09,POINT (-122.32851868 47.59982559),Completed,Completed,308 4TH AVE S,SEATTLE,WA,98104,https://services.seattle.gov/portal/customize/LinkToRecord.aspx?altId=010696-19CP,47.59982559,-122.32851868,"(47.59982559, -122.32851868)"
010697-19CP,Complaint,Request,,"HOUSING--per online--I made a complaint about The Addison 308 4th Ave South earlier, but didn't leave my contact information. (see #001183-19CP)",2019-11-09,POINT (-122.32851868 47.59982559),,Completed,308 4TH AVE S,SEATTLE,WA,98104,https://services.seattle.gov/portal/customize/LinkToRecord.aspx?altId=010697-19CP,47.59982559,-122.32851868,"(47.59982559, -122.32851868)"
010959-19CP,Complaint,Request,,"Freight/service elevator shut-off. Bedbugs, stairwells are full of feces and no light bulbs.",2019-11-18,POINT (-122.32851868 47.59982559),,Closed,308 4TH AVE S,SEATTLE,WA,98104,https://services.seattle.gov/portal/customize/LinkToRecord.aspx?altId=010959-19CP,47.59982559,-122.32851868,"(47.59982559, -122.32851868)"
1049214-VI,Notice of Violation,Case,,"Per Online; While responding to this address on Fire/Ems calls we have observed unsafe/unsanitary conditions in common areas throughout the building (feces, needles, garbage etc). We are pursuing remedy through our code enforcement division but many of the problems are beyond our scope (Seattle Fire Code).",2019-12-06,POINT (-122.32851868 47.59982559),Completed,Completed,308 4TH AVE S,SEATTLE,WA,98104,https://services.seattle.gov/portal/customize/LinkToRecord.aspx?altId=1049214-VI,47.59982559,-122.32851868,"(47.59982559, -122.32851868)"
011704-19CP,Complaint,Request,LandLord/Tenant,Received an 14day eviction notice on 12/6. Notice is up today. Unit has several code violations. Unit was not cleaned prior to moving in. Bathroom & Kitchen sink are clogged up. There are bedbugs & roaches in unit. Heater only works periodically and it squirts out water when it's on. Garbage chutes have been backed up with garbage since Thanksgiving now tenants are putting garbage in hallways; this is unsanitary. All floors smell like meth or feces. People are defecating in,2019-12-20,POINT (-122.32851868 47.59982559),,Completed,308 4TH AVE S,SEATTLE,WA,98104,https://services.seattle.gov/portal/customize/LinkToRecord.aspx?altId=011704-19CP,47.59982559,-122.32851868,"(47.59982559, -122.32851868)"
011787-19CP,Complaint,Request,,"We have had 3 weeks of backed up trash chutes.  Management told us to put the trash by the chute, and it will be picked up. It's been 3 weeks of accumulated garbage, now with flies and maybe rats.",2019-12-26,POINT (-122.32851868 47.59982559),,Completed,308 4TH AVE S,SEATTLE,WA,98104,https://services.seattle.gov/portal/customize/LinkToRecord.aspx?altId=011787-19CP,47.59982559,-122.32851868,"(47.59982559, -122.32851868)"
011867-19CP,Complaint,Request,,Trash has not been collected for over 3 weeks.  The garbage chutes are backed up.  No plan when this issue will be resolved.,2019-12-30,POINT (-122.32851868 47.59982559),Completed,Completed,308 4TH AVE S,SEATTLE,WA,98104,https://services.seattle.gov/portal/customize/LinkToRecord.aspx?altId=011867-19CP,47.59982559,-122.32851868,"(47.59982559, -122.32851868)"
000128-20CP,Complaint,Request,,"Garbage chute broken for 3 weeks; unsanitary conditions, rat concerns",2020-01-02,POINT (-122.32851868 47.59982559),,Closed,308 4TH AVE S,SEATTLE,WA,98104,https://services.seattle.gov/portal/customize/LinkToRecord.aspx?altId=000128-20CP,47.59982559,-122.32851868,"(47.59982559, -122.32851868)"
000129-20CP,Complaint,Request,,"Garbage chute broken for 3 weeks; unsanitary conditions, rat concerns",2020-01-02,POINT (-122.32851868 47.59982559),,Closed,308 4TH AVE S,SEATTLE,WA,98104,https://services.seattle.gov/portal/customize/LinkToRecord.aspx?altId=000129-20CP,47.59982559,-122.32851868,"(47.59982559, -122.32851868)"
000141-20CP,Complaint,Request,LandLord/Tenant,"Garbage chute has been broken since Thanksgiving, garbage piled up, unsanitary.  Bedbug infestation in unit. Heat doesn't work properly leaks cold steam when you turn it on. Microwave and oven don't work properly, fridge doesn't keep food cold. Mgmt allows homeless to come in keeping tenants awake no security, drug use, needles being left. There are 2-3 smoke detectors that go off all the time.Tenant has lung issues, PTSSD, health is at risk can't live there anymore. What ar",2020-01-03,POINT (-122.32851868 47.59982559),No Access/Unable to Observe,Completed,308 4TH AVE S,SEATTLE,WA,98104,https://services.seattle.gov/portal/customize/LinkToRecord.aspx?altId=000141-20CP,47.59982559,-122.32851868,"(47.59982559, -122.32851868)"
000145-20CP,Complaint,Request,,"Rats, bed bugs in unit, roaches",2020-01-03,POINT (-122.32851868 47.59982559),No Access/Unable to Observe,Closed,308 4TH AVE S,SEATTLE,WA,98104,https://services.seattle.gov/portal/customize/LinkToRecord.aspx?altId=000145-20CP,47.59982559,-122.32851868,"(47.59982559, -122.32851868)"
000238-20CP,Complaint,Request,,Trash accumulating in all four stairways of this building. Enough trash to impede rapid decent of stairs during fire alarms.,2020-01-07,,,Completed,308 4th AVE S,,,,https://services.seattle.gov/portal/customize/LinkToRecord.aspx?altId=000238-20CP,,,
000239-20CP,Complaint,Request,,Per Online; Garbage piles in hallways due to broken garbage chute for the last month. Stairwells full of trash and human poop. Loud fire alarm going off nightly.,2020-01-07,POINT (-122.32851868 47.59982559),,Closed,308 4TH AVE S,SEATTLE,WA,98104,https://services.seattle.gov/portal/customize/LinkToRecord.aspx?altId=000239-20CP,47.59982559,-122.32851868,"(47.59982559, -122.32851868)"
000279-20CP,Complaint,Request,,"Per Online; This is a follow up to compliant number 000238-20CP. Trash chute is no longer clogged with trash it CAUGHT FIRE, yesterday and the Seattle Fire Department pulled all of the trash out of the trash chute for all floors.",2020-01-08,POINT (-122.32851868 47.59982559),,Completed,308 4th AVE S,,,,https://services.seattle.gov/portal/customize/LinkToRecord.aspx?altId=000279-20CP,47.59982559,-122.32851868,"(47.59982559, -122.32851868)"
000416-20CP,Complaint,Request,,"Per Online; The boiler system has been partially down since Wednesday, January 8th after the fire in the trash chute we had no heat and no notice that something was wrong until Sunday, January 12th. They did distribute space heaters that are inadequate and can only be used in specific electrical sockets, which in my case, are both in the kitchen, so it does nothing to heat the room I actually live in. The radiated heat did come on around 2 p.m., but turned off around 9 p.m. la",2020-01-14,POINT (-122.32851868 47.59982559),Completed,Completed,308 4th AVE S,,,,https://services.seattle.gov/portal/customize/LinkToRecord.aspx?altId=000416-20CP,47.59982559,-122.32851868,"(47.59982559, -122.32851868)"
000434-20CP,Complaint,Request,Noise,"Noise Ordinance/ The Housing and Building Maintenance Code. My rental unit was entered without my permission and  an industrial dehumidifier with two industrial floor fans were installed in my unit. Immediately outside of the unit  2 industrial dehumidifiers, and 6 industrial floor fans have been installed in the narrow hallway. At the time I arrived home there was no notice posted from the property management. When I spoke with property management they said the units would be",2020-01-14,POINT (-122.32851868 47.59982559),Completed,Completed,308 4TH AVE S,SEATTLE,WA,98104,https://services.seattle.gov/portal/customize/LinkToRecord.aspx?altId=000434-20CP,47.59982559,-122.32851868,"(47.59982559, -122.32851868)"
000453-20CP,Complaint,Request,,"It is the obligation of the landlord to keep ""the premises fit for human habitation,""  to maintain ""roof, walls and foundation"" and to keep ""unit weather tight,"" to provide ""adequate containers for garbage,"" according to the city's Landlord-Tenant Laws. It is also the landlord's responsibilities to ""maintain the dwelling so it does not violate state and local codes in ways which endanger tenants' health and safety,"" to ""maintain structural components,"" to ""maintain the dwellin",2020-01-15,POINT (-122.32851868 47.59982559),Completed,Completed,308 4TH AVE S,SEATTLE,WA,98104,https://services.seattle.gov/portal/customize/LinkToRecord.aspx?altId=000453-20CP,47.59982559,-122.32851868,"(47.59982559, -122.32851868)"
000620-20CP,Complaint,Request,LandLord/Tenant,Tenant rights inquiry,2020-01-21,POINT (-122.32851868 47.59982559),,Completed,308 4TH AVE S,SEATTLE,WA,98104,https://services.seattle.gov/portal/customize/LinkToRecord.aspx?altId=000620-20CP,47.59982559,-122.32851868,"(47.59982559, -122.32851868)"
000690-20CP,Complaint,Request,LandLord/Tenant,Management harassment,2020-01-20,POINT (-122.32851868 47.59982559),,Completed,308 4TH AVE S,SEATTLE,WA,98104,https://services.seattle.gov/portal/customize/LinkToRecord.aspx?altId=000690-20CP,47.59982559,-122.32851868,"(47.59982559, -122.32851868)"
000705-20CP,Complaint,Request,,Lock problems on main door. Side door now an alternate and not reliable. Safety concerns.,2020-01-24,POINT (-122.32851868 47.59982559),Completed,Completed,308 4TH AVE S,SEATTLE,WA,98104,https://services.seattle.gov/portal/customize/LinkToRecord.aspx?altId=000705-20CP,47.59982559,-122.32851868,"(47.59982559, -122.32851868)"
001579-20CP,Complaint,Request,,Pipe on radiator is hot and needs tenant rights info,2020-02-20,POINT (-122.32851868 47.59982559),,Closed,308 4TH AVE S,SEATTLE,WA,98104,https://services.seattle.gov/portal/customize/LinkToRecord.aspx?altId=001579-20CP,47.59982559,-122.32851868,"(47.59982559, -122.32851868)"
002103-20CP,Complaint,Request,LandLord/Tenant,"POTA, PAOTHR asserts unlawful entries, harassment by management",2020-03-10,POINT (-122.32851868 47.59982559),,Closed,308 4TH AVE S,SEATTLE,WA,98104,https://services.seattle.gov/portal/customize/LinkToRecord.aspx?altId=002103-20CP,47.59982559,-122.32851868,"(47.59982559, -122.32851868)"
002823-20CP,Complaint,Request,LandLord/Tenant,"Tenant rights, needs inspection for radiator and other items.",2020-04-06,POINT (-122.32851868 47.59982559),,Closed,308 4TH AVE S,SEATTLE,WA,98104,https://services.seattle.gov/portal/customize/LinkToRecord.aspx?altId=002823-20CP,47.59982559,-122.32851868,"(47.59982559, -122.32851868)"
003147-20CP,Complaint,Request,LandLord/Tenant,"Both lobby elevators were inoperable for several hours today due to breaking down. This left mobility limited residents on upper floors stranded, unable to get out of the building. Multiple residents resorted to calling 911 and one chose to pull the fire alarm in an attempt to get assistance. The tenant in unit 621 continued to pull the fire alarm, even while we attempted to restore it. Ultimately, we had to call the police (SPD incident #20-129988) to get him to stop. In the",2020-04-18,POINT (-122.32851868 47.59982559),Completed,Completed,308 4TH AVE S,SEATTLE,WA,98104,https://services.seattle.gov/portal/customize/LinkToRecord.aspx?altId=003147-20CP,47.59982559,-122.32851868,"(47.59982559, -122.32851868)"
1050226-VI,Notice of Violation,Case,,"Both lobby elevators were inoperable for several hours today due to breaking down. This left mobility limited residents on upper floors stranded, unable to get out of the building. Multiple residents resorted to calling 911 and one chose to pull the fire alarm in an attempt to get assistance. The tenant in unit 621 continued to pull the fire alarm, even while we attempted to restore it. Ultimately, we had to call the police (SPD incident #20-129988) to get him to stop. In the",2020-04-20,POINT (-122.32851868 47.59982559),Compliance Achieved,Completed,308 4TH AVE S,SEATTLE,WA,98104,https://services.seattle.gov/portal/customize/LinkToRecord.aspx?altId=1050226-VI,47.59982559,-122.32851868,"(47.59982559, -122.32851868)"
004090-20CP,Complaint,Request,,There has been a fire/carbon monoxide alarm activated and beeping every few seconds since Friday 5-15-2020 on the fourth floor of the Addison on Fourth resident apartment building. This is the 5th day occurring and management emailed me stating they will not check the activated emergency alarm in the unit they have identified the alarm coming from because the resident does not answr the door when they knock and they need to know if the unit is sanitized for them to enter to ch,2020-05-20,POINT (-122.32851868 47.59982559),,Closed,308 4TH AVE S,SEATTLE,WA,98104,https://services.seattle.gov/portal/customize/LinkToRecord.aspx?altId=004090-20CP,47.59982559,-122.32851868,"(47.59982559, -122.32851868)"
004439-20CP,Complaint,Request,,"problem with smoke detectors in unit & hallways, problem with radiator heating at temp too hot (safety issue)",2020-05-29,POINT (-122.32851868 47.59982559),Completed,Completed,308 4TH AVE S,SEATTLE,WA,98104,https://services.seattle.gov/portal/customize/LinkToRecord.aspx?altId=004439-20CP,47.59982559,-122.32851868,"(47.59982559, -122.32851868)"
1050396-VI,Notice of Violation,Case,,"problem with smoke detectors in unit & hallways, problem with radiator heating at temp too hot (safety issue)",2020-06-09,POINT (-122.32851868 47.59982559),Compliance Achieved,Completed,308 4TH AVE S,SEATTLE,WA,98104,https://services.seattle.gov/portal/customize/LinkToRecord.aspx?altId=1050396-VI,47.59982559,-122.32851868,"(47.59982559, -122.32851868)"
005018-20CP,Complaint,Request,,"Our landlord at Addison on Fourth has locked the stairwells, which are the fire exits.",2020-06-17,POINT (-122.32851868 47.59982559),,Closed,308 4TH AVE S,SEATTLE,WA,98104,https://services.seattle.gov/portal/customize/LinkToRecord.aspx?altId=005018-20CP,47.59982559,-122.32851868,"(47.59982559, -122.32851868)"
005486-20CP,Complaint,Request,Noise,"There has been a fire/ carbon monoxide alarm activated for over a month on the fourth floor of Addison on 4th apartment building. It beeps every few seconds 24 hours a day. The leasing office staff is aware and maintenance staff is on each floor every day to pick up trash left on the floor by residents. The beep is loud and audible throughout the hallway.It is greatly concerning not only because of the constant noise, but becsuse there was a fire inside a unit on the fourth fl",2020-07-01,POINT (-122.32851868 47.59982559),,Completed,308 4TH AVE S,SEATTLE,WA,98104,https://services.seattle.gov/portal/customize/LinkToRecord.aspx?altId=005486-20CP,47.59982559,-122.32851868,"(47.59982559, -122.32851868)"
005984-20CP,Complaint,Request,Noise,The construction site on 5th & Main is starting work at 6am. They also have their construction debris pick up in the middle of the night. Sometimes this takes an hour to complete.,2020-07-16,POINT (-122.32851868 47.59982559),,Completed,308 4TH AVE S,SEATTLE,WA,98104,https://services.seattle.gov/portal/customize/LinkToRecord.aspx?altId=005984-20CP,47.59982559,-122.32851868,"(47.59982559, -122.32851868)"
006757-20CP,Complaint,Request,,"The convection oven in my apartment hasn't worked since July 31, 2020. I submitted a work request on that day and they came and looked at the oven on August 6, 2020. They do not have the part to fix it and do not know when or if they can get it. The maintenance guy said that there are over 25 other apartments with oven issues and that they are having problems getting replacement parts on the obsolete convection ovens that they use in this building.",2020-08-06,POINT (-122.32851868 47.59982559),,Closed,308 4th AVE S,,,,https://services.seattle.gov/portal/customize/LinkToRecord.aspx?altId=006757-20CP,47.59982559,-122.32851868,"(47.59982559, -122.32851868)"
007339-20CP,Complaint,Request,LandLord/Tenant,Harassment by landlord,2020-08-20,POINT (-122.32851868 47.59982559),,Closed,308 4TH AVE S,SEATTLE,WA,98104,https://services.seattle.gov/portal/customize/LinkToRecord.aspx?altId=007339-20CP,47.59982559,-122.32851868,"(47.59982559, -122.32851868)"
007624-20CP,Complaint,Request,Land Use,"The Addison on 4th is a trouble building.  2 weeks ago - we had shootings on a monday & wednesday night, last night a man was knocked out of his wheelchair by another Addison resident. spd did not arrive before they left the scene.  Every night - there are issues at the addison, every night. whether it is protestors, shootings, loud music, fights, every single night there is drama there.  My bldg is right across the street.  The bad activity at the Addison affects my people &",2020-08-29,POINT (-122.32851868 47.59982559),,Completed,308 4TH AVE S,SEATTLE,WA,98104,https://services.seattle.gov/portal/customize/LinkToRecord.aspx?altId=007624-20CP,47.59982559,-122.32851868,"(47.59982559, -122.32851868)"
007854-20CP,Complaint,Request,,Neglect to fix broken windows in multiple units from break-ins. Making the apartment complex unsafe and unhabitable.,2020-09-04,POINT (-122.32851868 47.59982559),Completed,Completed,308 4TH AVE S,SEATTLE,WA,98104,https://services.seattle.gov/portal/customize/LinkToRecord.aspx?altId=007854-20CP,47.59982559,-122.32851868,"(47.59982559, -122.32851868)"
008119-20CP,Complaint,Request,,Fire hazard. Regularly leaving trash chute walled off with garbage. Has become a weekly occurence.,2020-09-14,POINT (-122.32851868 47.59982559),,Closed,308 4TH AVE S,SEATTLE,WA,98104,https://services.seattle.gov/portal/customize/LinkToRecord.aspx?altId=008119-20CP,47.59982559,-122.32851868,"(47.59982559, -122.32851868)"
008185-20CP,Complaint,Request,,"problem with heat - comes off/on at will unable to regulate has been ongoing, landlord aware of problem not addressing issue",2020-09-16,POINT (-122.32851868 47.59982559),Completed,Completed,308 4TH AVE S,SEATTLE,WA,98104,https://services.seattle.gov/portal/customize/LinkToRecord.aspx?altId=008185-20CP,47.59982559,-122.32851868,"(47.59982559, -122.32851868)"
008600-20CP,Complaint,Request,,Appliances not functioning,2020-09-25,POINT (-122.32851868 47.59982559),Completed,Completed,308 4TH AVE S,SEATTLE,WA,98104,https://services.seattle.gov/portal/customize/LinkToRecord.aspx?altId=008600-20CP,47.59982559,-122.32851868,"(47.59982559, -122.32851868)"
008859-20CP,Complaint,Request,,"Stairs inaccessible and blocked by management, one of the two elevators is broken in a building with nine floors.  We have to use the fire escape. The disabled and seniors are stuck in their units.",2020-10-08,POINT (-122.32851868 47.59982559),,Closed,308 4TH AVE S,SEATTLE,WA,98104,https://services.seattle.gov/portal/customize/LinkToRecord.aspx?altId=008859-20CP,47.59982559,-122.32851868,"(47.59982559, -122.32851868)"
1051243-VI,Notice of Violation,Case,,"problem with smoke detectors in unit & hallways, problem with radiator heating at temp too hot (safety issue)",2020-10-30,POINT (-122.32851868 47.59982559),Compliance Achieved,Completed,308 4TH AVE S,SEATTLE,WA,98104,https://services.seattle.gov/portal/customize/LinkToRecord.aspx?altId=1051243-VI,47.59982559,-122.32851868,"(47.59982559, -122.32851868)"
1051245-VI,Notice of Violation,Case,,Neglect to fix broken windows in multiple units from break-ins. Making the apartment complex unsafe and unhabitable.,2020-10-30,POINT (-122.32851868 47.59982559),Compliance Achieved,Completed,308 4TH AVE S,SEATTLE,WA,98104,https://services.seattle.gov/portal/customize/LinkToRecord.aspx?altId=1051245-VI,47.59982559,-122.32851868,"(47.59982559, -122.32851868)"
1051247-VI,Notice of Violation,Case,,Appliances not functioning,2020-10-30,POINT (-122.32851868 47.59982559),Compliance Achieved,Completed,308 4TH AVE S,SEATTLE,WA,98104,https://services.seattle.gov/portal/customize/LinkToRecord.aspx?altId=1051247-VI,47.59982559,-122.32851868,"(47.59982559, -122.32851868)"
009522-20CP,Complaint,Request,,Dog waste in hallways,2020-10-30,POINT (-122.32851868 47.59982559),Completed,Completed,308 4TH AVE S,SEATTLE,WA,98104,https://services.seattle.gov/portal/customize/LinkToRecord.aspx?altId=009522-20CP,47.59982559,-122.32851868,"(47.59982559, -122.32851868)"
1051292-VI,Notice of Violation,Case,,"problem with smoke detectors in unit & hallways, problem with radiator heating at temp too hot (safety issue)",2020-11-06,POINT (-122.32851868 47.59982559),Compliance Achieved,Completed,308 4TH AVE S,SEATTLE,WA,98104,https://services.seattle.gov/portal/customize/LinkToRecord.aspx?altId=1051292-VI,47.59982559,-122.32851868,"(47.59982559, -122.32851868)"
010332-20CP,Complaint,Request,,"Bedbug problem. Treatingonly hallways, not units.",2020-12-10,POINT (-122.32851868 47.59982559),,Closed,308 4TH AVE S,SEATTLE,WA,98104,https://services.seattle.gov/portal/customize/LinkToRecord.aspx?altId=010332-20CP,47.59982559,-122.32851868,"(47.59982559, -122.32851868)"
010515-20CP,Complaint,Request,,"stove does not work, no overhead lighting works can only use extension cord in electric outlet to have lighting in bathroom, living room & bedroom landlord is aware of problem is not fixing the issue this is a fire hazard for sure need inspection (see complaint #010332-20CP)",2020-12-21,POINT (-122.32851868 47.59982559),Completed,Closed,308 4TH AVE S,SEATTLE,WA,98104,https://services.seattle.gov/portal/customize/LinkToRecord.aspx?altId=010515-20CP,47.59982559,-122.32851868,"(47.59982559, -122.32851868)"
000419-21CP,Complaint,Request,LandLord/Tenant,questions re: lease/tenant rights,2021-01-14,POINT (-122.32851868 47.59982559),,Completed,308 4TH AVE S,SEATTLE,WA,98104,https://services.seattle.gov/portal/customize/LinkToRecord.aspx?altId=000419-21CP,47.59982559,-122.32851868,"(47.59982559, -122.32851868)"
000588-21CP,Complaint,Request,LandLord/Tenant,"landlord harassment, changed locks w/o notice, will not communicate",2021-01-21,POINT (-122.32851868 47.59982559),,Completed,308 4TH AVE S,SEATTLE,WA,98104,https://services.seattle.gov/portal/customize/LinkToRecord.aspx?altId=000588-21CP,47.59982559,-122.32851868,"(47.59982559, -122.32851868)"
001846-21CP,Complaint,Request,,"No working microwave for 3 months, deadbolt is not working, some of the lights out,  and release valve for radiatordoesn't work properly",2021-03-09,POINT (-122.32851868 47.59982559),Completed,Completed,308 4TH AVE S,SEATTLE,WA,98104,https://services.seattle.gov/portal/customize/LinkToRecord.aspx?altId=001846-21CP,47.59982559,-122.32851868,"(47.59982559, -122.32851868)"
002363-21CP,Complaint,Request,LandLord/Tenant,Rights guidance,2021-03-26,POINT (-122.32851868 47.59982559),,Closed,308 4TH AVE S,SEATTLE,WA,98104,https://services.seattle.gov/portal/customize/LinkToRecord.aspx?altId=002363-21CP,47.59982559,-122.32851868,"(47.59982559, -122.32851868)"
002660-21CP,Complaint,Request,LandLord/Tenant,Tenants being locked out of bathroom in living/work space after 5 pm.  They are imposing restrictions due tonot properly securing thebuilding.,2021-04-12,POINT (-122.32851868 47.59982559),,Completed,308 4TH AVE S,SEATTLE,WA,98104,https://services.seattle.gov/portal/customize/LinkToRecord.aspx?altId=002660-21CP,47.59982559,-122.32851868,"(47.59982559, -122.32851868)"
004147-21CP,Complaint,Request,LandLord/Tenant,I received a 10-daynotice to vacate onMay 28th.  They taken my key fob to enter the building.,2021-06-03,POINT (-122.32851868 47.59982559),,Closed,308 4TH AVE S,SEATTLE,WA,98104,https://services.seattle.gov/portal/customize/LinkToRecord.aspx?altId=004147-21CP,47.59982559,-122.32851868,"(47.59982559, -122.32851868)"
005454-21CP,Complaint,Request,LandLord/Tenant,POTA see attached document,2021-07-08,POINT (-122.32851868 47.59982559),,Closed,308 4TH AVE S,SEATTLE,WA,98104,https://services.seattle.gov/portal/customize/LinkToRecord.aspx?altId=005454-21CP,47.59982559,-122.32851868,"(47.59982559, -122.32851868)"
006491-21CP,Complaint,Request,LandLord/Tenant,Darin Lamb has received a 3-day eviction notice on 8/9/2021. The city of Seattle still has a moratorium in place until September 30th 2021.,2021-08-10,POINT (-122.32851868 47.59982559),,Completed,308 4TH AVE S,SEATTLE,WA,98104,https://services.seattle.gov/portal/customize/LinkToRecord.aspx?altId=006491-21CP,47.59982559,-122.32851868,"(47.59982559, -122.32851868)"
007259-21CP,Complaint,Request,LandLord/Tenant,I received a 3-dayeviction notice,2021-09-01,POINT (-122.32851868 47.59982559),,Closed,308 4TH AVE S,SEATTLE,WA,98104,https://services.seattle.gov/portal/customize/LinkToRecord.aspx?altId=007259-21CP,47.59982559,-122.32851868,"(47.59982559, -122.32851868)"
007327-21CP,Complaint,Request,LandLord/Tenant,BEING CHARGED TOUSE ELEVATOR AND CAN'T GET KEY FORMAIL,2021-08-27,POINT (-122.32851868 47.59982559),,Completed,308 4TH AVE S,SEATTLE,WA,98104,https://services.seattle.gov/portal/customize/LinkToRecord.aspx?altId=007327-21CP,47.59982559,-122.32851868,"(47.59982559, -122.32851868)"
008537-21CP,Complaint,Request,,radiator leaking water makes high pitch noise there is an issue with the value - the landlord is aware of the issue this needs to be fixed and inspected it is a hazard,2021-10-12,POINT (-122.32851868 47.59982559),,Closed,308 4TH AVE S,SEATTLE,WA,98104,https://services.seattle.gov/portal/customize/LinkToRecord.aspx?altId=008537-21CP,47.59982559,-122.32851868,"(47.59982559, -122.32851868)"
009634-21CP,Complaint,Request,,I live in the unit next to #704 there is a major issue with mold the door was left open I had to close it - this problem is effecting my health the landlord/mgmt is not doing anything to fix the problem because the unit is currently vacant.12/20/2021-Complainant alsoreported bedbugs,2021-11-17,POINT (-122.32851868 47.59982559),,Closed,308 4TH AVE S,SEATTLE,WA,98104,https://services.seattle.gov/portal/customize/LinkToRecord.aspx?altId=009634-21CP,47.59982559,-122.32851868,"(47.59982559, -122.32851868)"
010343-21CP,Complaint,Request,LandLord/Tenant,"tenant rights, harassment",2021-12-14,POINT (-122.32851868 47.59982559),,Completed,308 4TH AVE S,SEATTLE,WA,98104,https://services.seattle.gov/portal/customize/LinkToRecord.aspx?altId=010343-21CP,47.59982559,-122.32851868,"(47.59982559, -122.32851868)"
000232-22CP,Complaint,Request,LandLord/Tenant,RIGHTS GUIDANCE,2022-01-03,POINT (-122.32851868 47.59982559),,Completed,308 4TH AVE S,SEATTLE,WA,98104,https://services.seattle.gov/portal/customize/LinkToRecord.aspx?altId=000232-22CP,47.59982559,-122.32851868,"(47.59982559, -122.32851868)"
001292-22CP,Complaint,Request,LandLord/Tenant,RIGHTS GUIDANCE ANDINSPECTION REQUEST.RADIATOR BROKEN PER LEAKS.TENANT LEAVES ITTURNED OFF. HAS BEEN APROBLEM FOR 5 YEARS.,2022-02-07,POINT (-122.32851868 47.59982559),,Closed,308 4TH AVE S,SEATTLE,WA,98104,https://services.seattle.gov/portal/customize/LinkToRecord.aspx?altId=001292-22CP,47.59982559,-122.32851868,"(47.59982559, -122.32851868)"
001422-22CP,Complaint,Request,,DOOR KICKED IN ANDNO REPAIR. ALSO WORK OVERDUE FORDISHWASHER REPAIRREQUEST.,2022-02-14,POINT (-122.32851868 47.59982559),,Closed,308 4TH AVE S,SEATTLE,WA,98104,https://services.seattle.gov/portal/customize/LinkToRecord.aspx?altId=001422-22CP,47.59982559,-122.32851868,"(47.59982559, -122.32851868)"
003068-22CP,Complaint,Request,LandLord/Tenant,"Neighbor is a hoarder, no refrigerator and mold.  I live acrossthe hall and can smell the toxic odorsevery time I openmy door.  Whyhasn't managementevicted him?  Nopolicy enforcement.",2022-04-08,POINT (-122.32851868 47.59982559),,Under Investigation,308 4TH AVE S,SEATTLE,WA,98104,https://services.seattle.gov/portal/customize/LinkToRecord.aspx?altId=003068-22CP,47.59982559,-122.32851868,"(47.59982559, -122.32851868)"
003261-22CP,Complaint,Request,,"radiator leaking water overheating there is erosion, landlord aware not fixing problem",2022-04-15,POINT (-122.32851868 47.59982559),,Closed,308 4TH AVE S,SEATTLE,WA,98104,https://services.seattle.gov/portal/customize/LinkToRecord.aspx?altId=003261-22CP,47.59982559,-122.32851868,"(47.59982559, -122.32851868)"
003958-22CP,Complaint,Request,LandLord/Tenant,"HOUSING - leak in ceiling, kitchen sink plumping is disconnect, drawer handles/cabinets are missing POTA - tenant rights, mgmt stole $250 from me (advised to file police report also)",2022-05-06,POINT (-122.32851868 47.59982559),,Closed,308 4TH AVE S,SEATTLE,WA,98104,https://services.seattle.gov/portal/customize/LinkToRecord.aspx?altId=003958-22CP,47.59982559,-122.32851868,"(47.59982559, -122.32851868)"
004181-22CP,Complaint,Request,LandLord/Tenant,RENT INCREASE ANDRENEWAL OPTIONS,2022-05-11,POINT (-122.32851868 47.59982559),,Completed,308 4TH AVE S,SEATTLE,WA,98104,https://services.seattle.gov/portal/customize/LinkToRecord.aspx?altId=004181-22CP,47.59982559,-122.32851868,"(47.59982559, -122.32851868)"
004675-22CP,Complaint,Request,,"radiator leaking water overheating there is erosion, landlord aware not fixing problem. Please email if not able to reach by phone.",2022-05-26,POINT (-122.32851868 47.59982559),,Completed,308 4TH AVE S,SEATTLE,WA,98104,https://services.seattle.gov/portal/customize/LinkToRecord.aspx?altId=004675-22CP,47.59982559,-122.32851868,"(47.59982559, -122.32851868)"
006070-22CP,Complaint,Request,LandLord/Tenant,"HOUSING - bug infestation the entire bldg POTA - tenant rights, some residence have opt to not pay rent until mgmt fixes the problem",2022-06-27,POINT (-122.32851868 47.59982559),,Closed,308 4TH AVE S,SEATTLE,WA,98104,https://services.seattle.gov/portal/customize/LinkToRecord.aspx?altId=006070-22CP,47.59982559,-122.32851868,"(47.59982559, -122.32851868)"
006834-22CP,Complaint,Request,LandLord/Tenant,RENT INCREASEEDRA,2022-07-12,POINT (-122.32851868 47.59982559),,Completed,308 4TH AVE S,SEATTLE,WA,98104,https://services.seattle.gov/portal/customize/LinkToRecord.aspx?altId=006834-22CP,47.59982559,-122.32851868,"(47.59982559, -122.32851868)"
010666-22CP,Complaint,Request,,"radiator valve is leaking, knob has deteriorate needs to be replaced (making hissing sound is hot to touch serious hazard)  there are several empty units that have the smoke alarms continues to chirp all day this is dangerous if there is a real fire** PER 10/27/22 PHONE CALL: LOOKING FOR ASSIGNED INSPECTOR CONTACT AND REPORTING BEDBUG/COCKROACH INFESTATION - JH **",2022-09-27,POINT (-122.32851868 47.59982559),,Closed,308 4TH AVE S,SEATTLE,WA,98104,https://services.seattle.gov/portal/customize/LinkToRecord.aspx?altId=010666-22CP,47.59982559,-122.32851868,"(47.59982559, -122.32851868)"
011581-22CP,Complaint,Request,LandLord/Tenant,I've been in my unitfor 1 month and havebeen dealing withconstant leakingfrom the toilet andthe tub won't drain.I've reported tomanagement and have gotten noresponse. What aremy rights?,2022-10-21,POINT (-122.32851868 47.59982559),,Completed,308 4TH AVE S,SEATTLE,WA,98104,https://services.seattle.gov/portal/customize/LinkToRecord.aspx?altId=011581-22CP,47.59982559,-122.32851868,"(47.59982559, -122.32851868)"
013182-22CP,Complaint,Request,LandLord/Tenant,30 DAY EVICTION NOTICE,2022-12-13,POINT (-122.32851868 47.59982559),,Closed,308 4TH AVE S,,WA,,https://services.seattle.gov/portal/customize/LinkToRecord.aspx?altId=013182-22CP,47.59982559,-122.32851868,"(47.59982559, -122.32851868)"
013700-22CP,Complaint,Request,LandLord/Tenant,I never received mysecurity deposit.,2022-12-23,POINT (-122.32851868 47.59982559),,Under Investigation,308 4TH AVE S,SEATTLE,WA,98104,https://services.seattle.gov/portal/customize/LinkToRecord.aspx?altId=013700-22CP,47.59982559,-122.32851868,"(47.59982559, -122.32851868)"
013815-22CP,Complaint,Request,,Since December 24th my toilet broke completely off the wall from being so old and rotted. I was finally able to get ahold of the onsite maintenance man December 26th he came seen the problem said there no toilet or bolts on property to fix it. He gave me key for toilet in basement i live on the 9th floor  on  December 27th i gave management both verbal and written notice about the problem. I keep getting told be patient we are working on it. I had to complain to management about basement toilet,2022-12-29,POINT (-122.32851868 47.59982559),,Closed,308 4th AVE S,,,,https://services.seattle.gov/portal/customize/LinkToRecord.aspx?altId=013815-22CP,47.59982559,-122.32851868,"(47.59982559, -122.32851868)"
000355-23CP,Complaint,Request,,ceiling leaking drwayll crumbling leaking,2023-01-10,POINT (-122.32851868 47.59982559),,Closed,308 4TH AVE S,SEATTLE,WA,98104,https://services.seattle.gov/portal/customize/LinkToRecord.aspx?altId=000355-23CP,47.59982559,-122.32851868,"(47.59982559, -122.32851868)"
000991-23CP,Complaint,Request,,"010666-22CP ISSUES STILL A PROBLEM:radiator valve is leaking, knob has deteriorate needs to be replaced (making hissing sound is hot to touch serious hazard)  there are several empty units that have the smoke alarms continues to chirp all day this is dangerous if there is a real fire** PER 10/27/22 PHONE CALL: LOOKING FOR ASSIGNED INSPECTOR CONTACT AND REPORTING BEDBUG/COCKROACH INFESTATION - JH **",2023-01-24,POINT (-122.32851868 47.59982559),,Completed,308 4TH AVE S,SEATTLE,WA,98104,https://services.seattle.gov/portal/customize/LinkToRecord.aspx?altId=000991-23CP,47.59982559,-122.32851868,"(47.59982559, -122.32851868)"
001067-23CP,Complaint,Request,LandLord/Tenant,NO LEASE,2023-01-30,POINT (-122.32851868 47.59982559),,Closed,308 4TH AVE S,SEATTLE,WA,98104,https://services.seattle.gov/portal/customize/LinkToRecord.aspx?altId=001067-23CP,47.59982559,-122.32851868,"(47.59982559, -122.32851868)"
001786-23CP,Complaint,Request,,MOLD FROM IMPROPERTOILET REPAIR/SEALAT WALL BEHIND.,2023-02-13,POINT (-122.32851868 47.59982559),,Completed,308 4TH AVE S,SEATTLE,WA,98104,https://services.seattle.gov/portal/customize/LinkToRecord.aspx?altId=001786-23CP,47.59982559,-122.32851868,"(47.59982559, -122.32851868)"
002857-23CP,Complaint,Request,LandLord/Tenant,Accused of being delinquent in rent although proof is available.  Received 30-day pay or vacate.,2023-03-17,POINT (-122.32851868 47.59982559),,Completed,308 4TH AVE S,SEATTLE,WA,98104,https://services.seattle.gov/portal/customize/LinkToRecord.aspx?altId=002857-23CP,47.59982559,-122.32851868,"(47.59982559, -122.32851868)"
002900-23CP,Complaint,Request,LandLord/Tenant,30 day eviction,2023-03-21,POINT (-122.32851868 47.59982559),,Closed,308 4TH AVE S,SEATTLE,WA,98104,https://services.seattle.gov/portal/customize/LinkToRecord.aspx?altId=002900-23CP,47.59982559,-122.32851868,"(47.59982559, -122.32851868)"
004512-23CP,Complaint,Request,LandLord/Tenant,Constant chirping from unit 628 or 629.  One of the detectors needsa new battery andmanagement continues to ignore. The noise has caused sleep deprivation.,2023-04-27,POINT (-122.32851868 47.59982559),,Completed,308 4TH AVE S,SEATTLE,WA,98104,https://services.seattle.gov/portal/customize/LinkToRecord.aspx?altId=004512-23CP,47.59982559,-122.32851868,"(47.59982559, -122.32851868)"
004558-23CP,Complaint,Request,,"010666-22CP ISSUES STILL A PROBLEM:radiator valve is leaking, knob has deteriorate needs to be replaced (making hissing sound is hot to touch serious hazard)  there are several empty units that have the smoke alarms continues to chirp all day this is dangerous if there is a real fire",2023-05-02,POINT (-122.32851868 47.59982559),,Closed,308 4TH AVE S,SEATTLE,WA,98104,https://services.seattle.gov/portal/customize/LinkToRecord.aspx?altId=004558-23CP,47.59982559,-122.32851868,"(47.59982559, -122.32851868)"
004733-23CP,Complaint,Request,,CEILING LEAKING,2023-05-08,POINT (-122.32851868 47.59982559),Completed,Completed,308 4TH AVE S,SEATTLE,WA,98104,https://services.seattle.gov/portal/customize/LinkToRecord.aspx?altId=004733-23CP,47.59982559,-122.32851868,"(47.59982559, -122.32851868)"
005651-23CP,Complaint,Request,LandLord/Tenant,I live in a HEN subsidized unit and received a rent increase. I want to know if I qualify for EDRA and help to determine incomeverification.,2023-05-30,POINT (-122.32851868 47.59982559),,Completed,308 4TH AVE S,SEATTLE,WA,98104,https://services.seattle.gov/portal/customize/LinkToRecord.aspx?altId=005651-23CP,47.59982559,-122.32851868,"(47.59982559, -122.32851868)"
006806-23CP,Complaint,Request,LandLord/Tenant,"Signed lease afterviewing a unit, and the unit given is not the same unit.  It is much smaller. there appears to water damage on the ceiling and drywall damage.  I want to break the lease without penalty and have all monies refunded.",2023-06-22,POINT (-122.32851868 47.59982559),,Under Investigation,308 4TH AVE S,SEATTLE,WA,98104,https://services.seattle.gov/portal/customize/LinkToRecord.aspx?altId=006806-23CP,47.59982559,-122.32851868,"(47.59982559, -122.32851868)"
007521-23CP,Complaint,Request,LandLord/Tenant,"I signed a lease and moved in June 21. At move in, we were told that by the next Friday we would have mailbox keys. That they needed to change the locks. I have asked constantly about the keys and went down today July 10th. The locks are still being ordered, and there has been no process. I am trying to get my deposit back from my last apartment among other things.RELATED TO 006806-23CP",2023-07-10,POINT (-122.32851868 47.59982559),,Under Investigation,308 4TH AVE S,SEATTLE,WA,98104,https://services.seattle.gov/portal/customize/LinkToRecord.aspx?altId=007521-23CP,47.59982559,-122.32851868,"(47.59982559, -122.32851868)"
009577-23CP,Complaint,Request,LandLord/Tenant,"The apartment building I live in has 2 resident elevators, 1 ADA lift that only goes from the lobby to street level, and possibly 1 freight elevator which has been out of service for an unknown length of time. One of the main elevators has been out of service for over a month and the other has broken down at least 3 times since. Currently, and for the second weekend in a month, the remaining ""working"" elevator is not working. My husband and I are both legally physically disabled and rely on the",2023-08-12,POINT (-122.32851868 47.59982559),,Closed,308 4TH AVE S,SEATTLE,WA,98104,https://services.seattle.gov/portal/customize/LinkToRecord.aspx?altId=009577-23CP,47.59982559,-122.32851868,"(47.59982559, -122.32851868)"
009622-23CP,Complaint,Request,LandLord/Tenant,"I just moved into Addison on 4th. Within the week all three elevators stopped working, leading to wheelchair users being trapped in their Apartments for a few days. This apparently happens often. While using the stairs it is very noticeable that paint, possibly lead paint, is peeling off the walls and ceilings. Railings are not securely attached. And overall cleanliness is not up kept. A few members have mentioned roaches in their Apartments as well.8/21/2023 Complainant called. Has roach inf",2023-08-14,POINT (-122.32851868 47.59982559),,Completed,308 4TH AVE S,SEATTLE,WA,98104,https://services.seattle.gov/portal/customize/LinkToRecord.aspx?altId=009622-23CP,47.59982559,-122.32851868,"(47.59982559, -122.32851868)"
009687-23CP,Complaint,Request,LandLord/Tenant,3 Day Notice; SMC 22.205.010.P,2022-03-15,POINT (-122.32851868 47.59982559),,Closed,308 4TH AVE S,SEATTLE,WA,98104,https://services.seattle.gov/portal/customize/LinkToRecord.aspx?altId=009687-23CP,47.59982559,-122.32851868,"(47.59982559, -122.32851868)"
009713-23CP,Complaint,Request,LandLord/Tenant,3 Day Notice; SMC 22.205.010.P,2022-03-15,POINT (-122.32851868 47.59982559),,Closed,308 4TH AVE S,SEATTLE,WA,98104,https://services.seattle.gov/portal/customize/LinkToRecord.aspx?altId=009713-23CP,47.59982559,-122.32851868,"(47.59982559, -122.32851868)"
009780-23CP,Complaint,Request,,"My apartment building has really bad roach and bed bug infestations. My husband and I moved into our apartment January 13, 2023. The management office did not disclose that the building has had an ongoing roach and bed bug problem for years. We discovered the roach issue during our move in inspection, which we did after the lease signing. The start of the bed bug problem in our apartment began June 17, 2023. We purchased a brand new bed frame and mattress after moving in. We have had an extermi",2023-08-17,POINT (-122.32851868 47.59982559),,Closed,308 4TH AVE S,SEATTLE,WA,98104,https://services.seattle.gov/portal/customize/LinkToRecord.aspx?altId=009780-23CP,47.59982559,-122.32851868,"(47.59982559, -122.32851868)"
010576-23CP,Complaint,Request,LandLord/Tenant,Raised rent more than10%,2023-09-06,POINT (-122.32851868 47.59982559),,Completed,308 4TH AVE S,SEATTLE,WA,98104,https://services.seattle.gov/portal/customize/LinkToRecord.aspx?altId=010576-23CP,47.59982559,-122.32851868,"(47.59982559, -122.32851868)"
013374-23CP,Complaint,Request,LandLord/Tenant,I rented a place buthad to break the lease because of a bug infestation. Now management won't refund atleast $1400.00.What are my rights?,2023-11-13,POINT (-122.32851868 47.59982559),,Under Investigation,308 4TH AVE S,SEATTLE,WA,98104,https://services.seattle.gov/portal/customize/LinkToRecord.aspx?altId=013374-23CP,47.59982559,-122.32851868,"(47.59982559, -122.32851868)"
014525-23CP,Complaint,Request,,There is an infestation of roaches. They have been asked to treat and fix the situation but there is no result.,2023-12-15,POINT (-122.32851868 47.59982559),,Closed,308 4TH AVE S,SEATTLE,WA,98104,https://services.seattle.gov/portal/customize/LinkToRecord.aspx?altId=014525-23CP,47.59982559,-122.32851868,"(47.59982559, -122.32851868)"
001478-24CP,Complaint,Request,LandLord/Tenant,late rent $10 -$100 per day,2024-02-06,POINT (-122.32851868 47.59982559),,Completed,308 4TH AVE S,SEATTLE,WA,98104,https://services.seattle.gov/portal/customize/LinkToRecord.aspx?altId=001478-24CP,47.59982559,-122.32851868,"(47.59982559, -122.32851868)"
002769-24CP,Complaint,Request,,Radiator has been leaking again since the repairs and affecting the heat.,2024-03-13,POINT (-122.32851868 47.59982559),Completed,Completed,308 4TH AVE S,SEATTLE,WA,98104,https://services.seattle.gov/portal/customize/LinkToRecord.aspx?altId=002769-24CP,47.59982559,-122.32851868,"(47.59982559, -122.32851868)"
004107-24CP,Complaint,Request,"Emergency , LandLord/Tenant",Received a 14-day notice to vacate,2024-04-17,POINT (-122.32851868 47.59982559),,Closed,308 4TH AVE S,SEATTLE,WA,98104,https://services.seattle.gov/portal/customize/LinkToRecord.aspx?altId=004107-24CP,47.59982559,-122.32851868,"(47.59982559, -122.32851868)"
010028-24CP,Complaint,Request,,"The entire building has a pest issue. Filled with cockroaches and bedbugs. After talked with numerous residents, this seems to be the case on multiple floors of the apartment building. Pest control is handling situation poorly by using methods that are not researched and are unverified, causing the issue to persist and get worse over time.",2024-09-10,POINT (-122.32851868 47.59982559),,Completed,308 4TH AVE S,SEATTLE,WA,98104,https://services.seattle.gov/portal/customize/LinkToRecord.aspx?altId=010028-24CP,47.59982559,-122.32851868,"(47.59982559, -122.32851868)"
014048-24CP,Complaint,Request,,No hot water since at least Saturday morning in the entire building,2024-12-17,POINT (-122.32851868 47.59982559),Completed,Completed,308 4TH AVE S,SEATTLE,WA,98104,https://services.seattle.gov/portal/customize/LinkToRecord.aspx?altId=014048-24CP,47.59982559,-122.32851868,"(47.59982559, -122.32851868)"
014064-24CP,Complaint,Request,,"No hot water since Saturday Dec. 14th.  I've been unable to bathe because I don't have a tub, just a shower.  So I can't heat water to bathe.",2024-12-18,POINT (-122.32851868 47.59982559),,Completed,308 4TH AVE S,SEATTLE,WA,98104,https://services.seattle.gov/portal/customize/LinkToRecord.aspx?altId=014064-24CP,47.59982559,-122.32851868,"(47.59982559, -122.32851868)"
000580-25CP,Complaint,Request,LandLord/Tenant,"Lived in unit from April toOct. 2024, but had to move out due to a bedbug infestation, and brokentoilet.   I displaced now,while I am trying to findanother place to live.  Ifeel I'm owed compensation.  Do I haveany rights?",2025-01-13,POINT (-122.32851868 47.59982559),,Completed,308 4TH AVE S,SEATTLE,WA,98104,https://services.seattle.gov/portal/customize/LinkToRecord.aspx?altId=000580-25CP,47.59982559,-122.32851868,"(47.59982559, -122.32851868)"
001138-25CP,Complaint,Request,,"Have been asking for repairsof the shower that worksintermittently, sometimesthere is no water, therefrigerator doesn't workproperly, the kitchensink is leaking.  Management is awareand has done nothing.3/20/2025 - We also have a roach infestation.",2025-01-28,POINT (-122.32851868 47.59982559),,Under Investigation,308 4TH AVE S,SEATTLE,WA,98104,https://services.seattle.gov/portal/customize/LinkToRecord.aspx?altId=001138-25CP,47.59982559,-122.32851868,"(47.59982559, -122.32851868)"
002594-25CP,Complaint,Request,,no hot water for 1 week so far,2025-03-07,POINT (-122.32851868 47.59982559),Completed,Completed,308 4TH AVE S,SEATTLE,WA,98104,https://services.seattle.gov/portal/customize/LinkToRecord.aspx?altId=002594-25CP,47.59982559,-122.32851868,"(47.59982559, -122.32851868)"
