Created Date,Record Number,Record Type,Status,Address,Property/Project Name,Description,Expiration Date,,,,,,,,
3/7/2025,002594-25CP,Code Compliance Complaint,Under Investigation,308    4TH  AVE  S  SEATTLE,,HOUSING - RRIO REG-RECORD: 001-0100410,,,,,,,,,
1/28/2025,001138-25CP,Code Compliance Complaint,Under Investigation,308    4TH  AVE  S  SEATTLE,,Housing Complaint / Pre-Reg 001-0002689,,,,,,,,,
1/14/2025,SUCA-00026-25,SDOT Street Use Case,Closed,308    4TH  AVE  S  SEATTLE,,Unpermitted areaway in ROW (ARW-174).,,,,,,,,,
1/13/2025,000580-25CP,Code Compliance Complaint,Completed,308    4TH  AVE  S  SEATTLE,,POTA Complaint,,,,,,,,,
12/18/2024,014064-24CP,Code Compliance Complaint,Open Duplicate,308    4TH  AVE  S  SEATTLE,,Housing Complaint / Pre-Reg 001-0002689,,,,,,,,,
12/17/2024,014048-24CP,Code Compliance Complaint,Under Investigation,308    4TH  AVE  S  SEATTLE,,HOUSING - RRIO REG-RECORD: 001-0002689 (see attached documents),,,,,,,,,
10/28/2024,SUPSM0009198,Private Structures/Uses,Issued,308    4TH  AVE  S  SEATTLE,Areaway | ARW-174 | 4th Ave S & S Main St,- Inactive areaway (ARW-174) spanning approximately 130-ft on S Main St and approximately 117-ft on 4th Ave S. A 9-ft x 10-ft space is accessible on S Main St.,,,,,,,,,
9/10/2024,010028-24CP,Code Compliance Complaint,Completed,308    4TH  AVE  S  SEATTLE,,HOUSING COMPLAINT / PRE-REG #001-0002689Scheduled inspection for 10-16-24 at 10am. No show on scheduled inspection. I called twice and waited in area for 15min. Closing with no access no further contact.,,,,,,,,,
4/17/2024,004107-24CP,Code Compliance Complaint,Closed,308    4TH  AVE  S  SEATTLE,,POTA; JCEOTenant received 14 Day Notice. S&C filed in KCSC.,,,,,,,,,
3/13/2024,002769-24CP,Code Compliance Complaint,Completed,308    4TH  AVE  S  SEATTLE,,HOUSING COMPLAINT - RRIO #001-0100410,,,,,,,,,
2/6/2024,001478-24CP,Code Compliance Complaint,Completed,308    4TH  AVE  S  SEATTLE,,"POTA, RENTAG",,,,,,,,,
12/15/2023,014525-23CP,Code Compliance Complaint,Closed,308    4TH  AVE  S  SEATTLE,,admin closure: Unable to process - no contact information provided,,,,,,,,,
11/21/2023,1057226-POTA-VI,EDRA Notice of Violation,Initiated,308    4TH  AVE  S  SEATTLE,,EDRA - NOV,,,,,,,,,
11/20/2023,1057217-POTA-VI,EDRA Notice of Violation,Initiated,308    4TH  AVE  S  SEATTLE,,EDRA,,,,,,,,,
11/20/2023,1057223-POTA-VI,EDRA Notice of Violation,Initiated,308    4TH  AVE  S  SEATTLE,,EDRA,,,,,,,,,
11/17/2023,1057203-POTA-VI,EDRA Notice of Violation,Initiated,308    4TH  AVE  S  SEATTLE,,EDRA,,,,,,,,,
11/13/2023,013374-23CP,Code Compliance Complaint,Under Investigation,308    4TH  AVE  S  SEATTLE,,POTA,,,,,,,,,
10/5/2023,003-0042419,Rental Property Late Registration Violation,Compliance Achieved,308    4TH  AVE  S  SEATTLE,Overdue Renewal,,,,,,,,,,
9/6/2023,010576-23CP,Code Compliance Complaint,Completed,308    4TH  AVE  S  SEATTLE,,POTA,,,,,,,,,
8/17/2023,009780-23CP,Code Compliance Complaint,Closed,308    4TH  AVE  S  SEATTLE,,HOUSINGComplainant says that her and her family were moved into another unit and management has already had pest service to their place 2 times in the couple weeks they have been in the unit. She says elevator is currently working as well. Ok to withdraw complaint due to no current violation.,,,,,,,,,
8/14/2023,009622-23CP,Code Compliance Complaint,Completed,308    4TH  AVE  S  SEATTLE,,Housing/POTA ComplaintComplainant was unable to make scheduled inspection due to Covid and was in Virginia. I asked her to call for reinspection. No further contact has been made.,,,,,,,,,
8/12/2023,009577-23CP,Code Compliance Complaint,Closed,308    4TH  AVE  S  SEATTLE,,Housing Complaint- REG # 001-0100410Spoke with complainant and elevator is up and working now. Withdrawing complaint.,,,,,,,,,
7/10/2023,007521-23CP,Code Compliance Complaint,Under Investigation,308    4TH  AVE  S  SEATTLE,,POTA; RELATED RECORD 006806-23CP,,,,,,,,,
6/22/2023,006806-23CP,Code Compliance Complaint,Under Investigation,308    4TH  AVE  S  SEATTLE,,POTA,,,,,,,,,
5/31/2023,00237-23-UN-001,Economic Displacement Relocation Assistance (EDRA) Application,Completed,308    4TH  AVE  S  SEATTLE,,EDRA,,,,,,,,,
5/30/2023,005651-23CP,Code Compliance Complaint,Completed,308    4TH  AVE  S  SEATTLE,,POTA INRENT EDRA,,,,,,,,,
5/8/2023,004733-23CP,Code Compliance Complaint,Completed,308    4TH  AVE  S  SEATTLE,,HOUSING,,,,,,,,,
5/8/2023,00161-23-UN-002,Economic Displacement Relocation Assistance (EDRA) Application,Administratively Closed,308    4TH  AVE  S  SEATTLE,,,,,,,,,,,
5/2/2023,004558-23CP,Code Compliance Complaint,Closed,308    4TH  AVE  S  SEATTLE,,HOUSING - RRIO REG: 001-0100410,,,,,,,,,
4/27/2023,004512-23CP,Code Compliance Complaint,Completed,308    4TH  AVE  S  SEATTLE,,POTAIssues addressed in 004558-23CP. Closing as duplicate.,,,,,,,,,
4/12/2023,00211-23-UN-001,Economic Displacement Relocation Assistance (EDRA) Application,Submitted,308    4TH  AVE  S  SEATTLE,,,,,,,,,,,
3/21/2023,002900-23CP,Code Compliance Complaint,Closed,308    4TH  AVE  S  SEATTLE,,"POTA JCEOProvided legal referral and offered to review notice 3/21/2023Received no further communication from customer, closed 3/29/2023",,,,,,,,,
3/17/2023,002857-23CP,Code Compliance Complaint,Completed,308    4TH  AVE  S  SEATTLE,,"POTA JCEOLeft voicemail with callback number 3/21/2023Left second voicemail 3/24/2023Received no callback from customer, closed 4/5/2023, no assistance provided",,,,,,,,,
2/18/2023,00161-23-UN-001,Economic Displacement Relocation Assistance (EDRA) Application,Completed,308    4TH  AVE  S  SEATTLE,,EDRA,,,,,,,,,
2/13/2023,001786-23CP,Code Compliance Complaint,Completed,308    4TH  AVE  S  SEATTLE,,HOUSING - RRIO REG: 001-0100410,,,,,,,,,
2/6/2023,00147-23-UN-001,Economic Displacement Relocation Assistance (EDRA) Application,Completed,308    4TH  AVE  S  SEATTLE,,EDRA,,,,,,,,,
1/30/2023,001067-23CP,Code Compliance Complaint,Closed,308    4TH  AVE  S  SEATTLE,,"POTA, OTHR",,,,,,,,,
1/24/2023,000991-23CP,Code Compliance Complaint,Completed,308    4TH  AVE  S  SEATTLE,,HOUSING RRIO REG: 001-0019332-001R,,,,,,,,,
1/11/2023,00055-22-UN-002,Economic Displacement Relocation Assistance (EDRA) Application,Completed,308    4TH  AVE  S  SEATTLE,,EDRA,,,,,,,,,
1/10/2023,000355-23CP,Code Compliance Complaint,Closed,308    4TH  AVE  S  SEATTLE,,HOUSING,,,,,,,,,
12/29/2022,013815-22CP,Code Compliance Complaint,Closed,308    4th  AVE  S,,HOUSING,,,,,,,,,
12/23/2022,013700-22CP,Code Compliance Complaint,Under Investigation,308    4TH  AVE  S  SEATTLE,,POTA,,,,,,,,,
12/13/2022,013182-22CP,Code Compliance Complaint,Closed,308    4TH  AVE  S,,"POTA, JCEO",,,,,,,,,
11/18/2022,00061-22-UN-001,Economic Displacement Relocation Assistance (EDRA) Application,Completed,308    4TH  AVE  S  SEATTLE,,EDRA,,,,,,,,,
11/14/2022,00055-22-UN-001,Economic Displacement Relocation Assistance (EDRA) Application,Withdrawn,308    4TH  AVE  S  SEATTLE,,EDRA,,,,,,,,,
10/21/2022,011581-22CP,Code Compliance Complaint,Completed,308    4TH  AVE  S  SEATTLE,,HOUSING RRIO REG: 001-0019332-001R & POTA,,,,,,,,,
10/18/2022,EQP-BP-26432,Boiler Equipment Certification,Operating Without Certificate,308    4TH  AVE  S  SEATTLE,LOCHINVAR T BOILER,LOCHINVAR T BOILER,,,,,,,,,
10/18/2022,EQP-BP-26431,Boiler Equipment Certification,Operating Without Certificate,308    4TH  AVE  S  SEATTLE,LOCHINVAR WT BOILER,LOCHINVAR WT  BOILER,,,,,,,,,
9/27/2022,010666-22CP,Code Compliance Complaint,Closed,308    4TH  AVE  S  SEATTLE,,HOUSING RRIO REG: 001-0019332-001R,,,,,,,,,
7/12/2022,006834-22CP,Code Compliance Complaint,Completed,308    4TH  AVE  S  SEATTLE,,"POTA, INRENT, EDRA",,,,,,,,,
7/12/2022,SUCONST0002905-EXT001,ROW Extension Request,Closed,308    4TH  AVE  S  SEATTLE,308 4TH AVE S,Scope: Staging in ROW for scaffolding take downMobility Impacts: South Sidewalk and Bike Lane closed on S MAIN ST BETWEEN 4TH AVE S AND 5TH AVE SEast Sidewalk closed on 4TH AVE S BETWEEN S MAIN ST AND S JACKSON ST; All impacts per Approved Traffic Control Plan; Neighborhood Notifications per SDOT CAM 2117,,,,,,,,,
6/27/2022,006070-22CP,Code Compliance Complaint,Closed,308    4TH  AVE  S  SEATTLE,,HOUSING - RRIO REG: 001-0100410    &    POTA,,,,,,,,,
6/16/2022,SDOT-RAP-00-28480,Restricted Area Parking - Application,Withdrawn,308    4TH  AVE  S  SEATTLE,,,,,,,,,,,
6/16/2022,SDOT-TNPN-01-45748,Temporary No Parking Zone (Non-Paid Area) - Application,Completed,308    4TH  AVE  S  SEATTLE,,,,,,,,,,,
6/16/2022,SDOT-TNPN-01-45749,Temporary No Parking Zone (Non-Paid Area) - License,Expired,308    4TH  AVE  S  SEATTLE,,,6/28/2022,,,,,,,,
6/10/2022,SUCONST0002905-ADC001,ROW Date Change Request,Closed,308    4TH  AVE  S  SEATTLE,308 4TH AVE S Addison Apts.,"Scope: Staging and walk-thru scaffolding in ROW for building facade repair with swing stagingMobility Impacts: South Sidewalk and Bike Lane closed on S MAIN ST BETWEEN 4TH AVE S AND 5TH AVE SEast Sidewalk closed on 4TH AVE S BETWEEN S MAIN ST AND S JACKSON ST; All impacts per Approved Traffic Control Plan; Neighborhood Notifications per SDOT CAM 2117Applicants Description:Remove loose masonry above sidewalk ROW. Do repairs T/M as best as possible and inspect the remaining facade above sidewalk ROW. Close each sidewalk for 1 day to set up sidewalk pedestrian scaffold with swing stage above for project access. Each walk thru scaffold will have pedestrian access. Sidewalks will remain open at all times for the duration of the project. Scaffold locations will be on, East corner on Main St. & above the main entrance on 4th Ave S., Do to no street parking, stage in north bike lane and median , leaving adjent south bike lane open for bicycle traffic.",,,,,,,,,
5/26/2022,004675-22CP,Code Compliance Complaint,Completed,308    4TH  AVE  S  SEATTLE,,HOUSING - RRIO REG: 001-0100410,,,,,,,,,
5/11/2022,004181-22CP,Code Compliance Complaint,Completed,308    4TH  AVE  S  SEATTLE,,"POTA, RENTAG",,,,,,,,,
5/6/2022,003958-22CP,Code Compliance Complaint,Closed,308    4TH  AVE  S  SEATTLE,,HOUSING - RRIO REG: 001-0100410,,,,,,,,,
4/21/2022,SUCONST0002905,ROW Construction Permit,Closed,308    4TH  AVE  S  SEATTLE,308 4TH AVE S,Scope: Staging in ROW for scaffolding take downMobility Impacts: South Sidewalk and Bike Lane closed on S MAIN ST BETWEEN 4TH AVE S AND 5TH AVE SEast Sidewalk closed on 4TH AVE S BETWEEN S MAIN ST AND S JACKSON ST; All impacts per Approved Traffic Control Plan; Neighborhood Notifications per SDOT CAM 2117,7/29/2022,,,,,,,,
4/15/2022,003261-22CP,Code Compliance Complaint,Closed,308    4TH  AVE  S  SEATTLE,,HOUSING - RRIO REG: 001-0100410,,,,,,,,,
4/8/2022,003068-22CP,Code Compliance Complaint,Under Investigation,308    4TH  AVE  S  SEATTLE,,POTA,,,,,,,,,
3/15/2022,009687-23CP,Code Compliance Complaint,Closed,308    4TH  AVE  S  SEATTLE,,POTA; JCEO; 3 Day Notice to Terminate,,,,,,,,,
3/15/2022,009713-23CP,Code Compliance Complaint,Closed,308    4TH  AVE  S  SEATTLE,,POTA; JCEO; 3 Day Notice to Terminate,,,,,,,,,
3/15/2022,DONH-COA-00504,Historic Preservation Certificate of Approval,Issued,308    4TH  AVE  S  SEATTLE,Addison on  fourth,change of Use from retail store to restaurant/café,,,,,,,,,
2/14/2022,001422-22CP,Code Compliance Complaint,Closed,308    4TH  AVE  S  SEATTLE,,HOUSING - RRIO REG: 001-0100410,,,,,,,,,
2/7/2022,001292-22CP,Code Compliance Complaint,Closed,308    4TH  AVE  S  SEATTLE,,POTA & HOUSING - RRIO REG: 001-0100410,,,,,,,,,
1/3/2022,000232-22CP,Code Compliance Complaint,Completed,308    4TH  AVE  S  SEATTLE,,POTA - DUPLICATE - See 010343-21CP,,,,,,,,,
12/14/2021,010343-21CP,Code Compliance Complaint,Completed,308    4TH  AVE  S  SEATTLE,,POTA,,,,,,,,,
11/17/2021,009634-21CP,Code Compliance Complaint,Closed,308    4TH  AVE  S  SEATTLE,,WITHDRAWN PER COMPLAINANT REQUEST,,,,,,,,,
10/12/2021,008537-21CP,Code Compliance Complaint,Closed,308    4TH  AVE  S  SEATTLE,,HOUSING - RRIO REG: 001-0100410,,,,,,,,,
9/1/2021,007259-21CP,Code Compliance Complaint,Closed,308    4TH  AVE  S  SEATTLE,,"POTA, JCEO",,,,,,,,,
8/27/2021,007327-21CP,Code Compliance Complaint,Completed,308    4TH  AVE  S  SEATTLE,,POTA PAOTHR,,,,,,,,,
8/19/2021,003-0031906,Rental Property Late Registration Violation,Violation Withdrawn,308    4TH  AVE  S  SEATTLE,Overdue Renewal,,,,,,,,,,
8/10/2021,006491-21CP,Code Compliance Complaint,Completed,308    4TH  AVE  S  SEATTLE,,POTA; JCEO; XThree day notice not recorded with the City prior to service on tenant as required by SMC 22.206.160.C.1.p. Notice voluntarily rescinded on 8/13/21.,,,,,,,,,
8/5/2021,005610-21PA,Building & Land Use Pre-Application,Additional Info Requested,308    4TH  AVE  S  SEATTLE,Tsehay Bojia,I want to Chang my clothing store to cafe.,,,,,,,,,
7/8/2021,005454-21CP,Code Compliance Complaint,Closed,308    4TH  AVE  S  SEATTLE,,"POTA, JCEO, X",,,,,,,,,
7/7/2021,001-0019332-001R,Rental Property Renewal,Renewal Issued,308    4TH  AVE  S  SEATTLE,,,,,,,,,,,
6/3/2021,004147-21CP,Code Compliance Complaint,Closed,308    4TH  AVE  S  SEATTLE,,"POTA, JCEO, PAOTHR, 10 Day Notice and key FOB not working",,,,,,,,,
4/12/2021,002660-21CP,Code Compliance Complaint,Completed,308    4TH  AVE  S  SEATTLE,,POTA,,,,,,,,,
3/29/2021,6830828-EL,Electrical Permit: Over the Counter,Completed,308    4TH  AVE  S  SEATTLE,MOBILEONE 5536,Telecommunications work/wireless alarm installation.,3/29/2022,,,,,,,,
3/26/2021,002363-21CP,Code Compliance Complaint,Closed,308    4TH  AVE  S  SEATTLE,,POTA,,,,,,,,,
3/15/2021,6828251-BP,Boiler/Pressure Vessel Permit,Completed,308    4TH  AVE  S  SEATTLE,14-21-18758 Addison Apts.,Certification to make automatic. EQP-BP-19966.,9/15/2022,,,,,,,,
3/15/2021,6828250-BP,Boiler/Pressure Vessel Permit,Completed,308    4TH  AVE  S  SEATTLE,14-21-18758,Certification to make boiler automatic. EQP-BP-19965.,9/15/2022,,,,,,,,
3/9/2021,001846-21CP,Code Compliance Complaint,Completed,308    4TH  AVE  S  SEATTLE,,HOUSING - RRIO REG: 001-0100410,,,,,,,,,
1/28/2021,6820869-BP-001,Withdrawal Request - Permits,Completed,308    4TH  AVE  S  SEATTLE,,,,,,,,,,,
1/28/2021,6820870-BP-001,Withdrawal Request - Permits,Completed,308    4TH  AVE  S  SEATTLE,,,,,,,,,,,
1/27/2021,6820870-BP,Boiler/Pressure Vessel Permit,Withdrawn,308    4TH  AVE  S  SEATTLE,14-21-18758 Addison Boiler,Install (1) boiler.,7/27/2022,,,,,,,,
1/27/2021,6820869-BP,Boiler/Pressure Vessel Permit,Withdrawn,308    4TH  AVE  S  SEATTLE,14-21-18758 Addison Apt. Boiler,Install (1) boiler.,7/27/2022,,,,,,,,
1/21/2021,000588-21CP,Code Compliance Complaint,Completed,308    4TH  AVE  S  SEATTLE,,POTA,,,,,,,,,
1/14/2021,000419-21CP,Code Compliance Complaint,Completed,308    4TH  AVE  S  SEATTLE,,POTA,,,,,,,,,
1/7/2021,6817839-BP,Boiler/Pressure Vessel Permit,Completed,308    4TH  AVE  S  SEATTLE,14-20-17983 Addison DHW Heaters,Provide and install (1) boiler.,7/7/2022,,,,,,,,
12/21/2020,010515-20CP,Code Compliance Complaint,Closed,308    4TH  AVE  S  SEATTLE,,HOUSING - RRIO REG: 001-0100410,,,,,,,,,
12/10/2020,010332-20CP,Code Compliance Complaint,Closed,308    4TH  AVE  S  SEATTLE,,HOUSING - RRIO #001-0100410,,,,,,,,,
12/4/2020,6813405-EL,Electrical Permit: Over the Counter,Expired,308    4TH  AVE  S  SEATTLE,Addison DKS Aiphone,Adding access control and video intercom to Main St gate,12/4/2021,,,,,,,,
12/3/2020,6813284-BP,Boiler/Pressure Vessel Permit,Completed,308    4TH  AVE  S  SEATTLE,14-20-17983 Addison DHW Heaters,Provide and install (2) boilers.,6/3/2022,,,,,,,,
12/3/2020,6813281-EL,Electrical Permit: Over the Counter,Completed,308    4TH  AVE  S  SEATTLE,14-20-17983 Addison DHW Heaters,Disconnect/reconnect of (2) boiler/water heaters.,12/3/2021,,,,,,,,
11/6/2020,1051292-VI,Notice of Violation,Completed,308    4TH  AVE  S  SEATTLE,,Housing and Bldg. Maintenance Code Violation,,,,,,,,,
10/30/2020,009522-20CP,Code Compliance Complaint,Completed,308    4TH  AVE  S  SEATTLE,,HOUSING - RRIO REG: 001-0100410,,,,,,,,,
10/30/2020,1051247-VI,Notice of Violation,Completed,308    4TH  AVE  S  SEATTLE,,Housing and Bldg. Maintenance Code Violation,,,,,,,,,
10/30/2020,1051245-VI,Notice of Violation,Completed,308    4TH  AVE  S  SEATTLE,,Housing and Bldg. Maintenance Code Violation,,,,,,,,,
10/30/2020,1051243-VI,Notice of Violation,Completed,308    4TH  AVE  S  SEATTLE,,Housing and Bldg. Maintenance Code Violation,,,,,,,,,
10/8/2020,008859-20CP,Code Compliance Complaint,Closed,308    4TH  AVE  S  SEATTLE,,HOUSING - RRIO REG: 001-0051699,,,,,,,,,
9/25/2020,008600-20CP,Code Compliance Complaint,Completed,308    4TH  AVE  S  SEATTLE,,HOUSING - RRIO REG: 001-0051699,,,,,,,,,
9/16/2020,008185-20CP,Code Compliance Complaint,Completed,308    4TH  AVE  S  SEATTLE,,HOUSING - RRIO REG: 001-0051699,,,,,,,,,
9/14/2020,008119-20CP,Code Compliance Complaint,Closed,308    4TH  AVE  S  SEATTLE,,HOUSING - Closed. No info contact provided.,,,,,,,,,
9/4/2020,007854-20CP,Code Compliance Complaint,Completed,308    4TH  AVE  S  SEATTLE,,HOUSING - RRIO REG: 001-0100410,,,,,,,,,
8/29/2020,007624-20CP,Code Compliance Complaint,Completed,308    4TH  AVE  S  SEATTLE,,ZONING - SPD referral - Please call 206-625-5011,,,,,,,,,
8/20/2020,007339-20CP,Code Compliance Complaint,Closed,308    4TH  AVE  S  SEATTLE,,POTA,,,,,,,,,
8/6/2020,006757-20CP,Code Compliance Complaint,Closed,308    4th  AVE  S,,HOUSING - RRIO REG: 001-0100410,,,,,,,,,
7/16/2020,005984-20CP,Code Compliance Complaint,Completed,308    4TH  AVE  S  SEATTLE,,NOISE - RELATED: 005486-20CP,,,,,,,,,
7/1/2020,005486-20CP,Code Compliance Complaint,Completed,308    4TH  AVE  S  SEATTLE,,NOISE,,,,,,,,,
6/17/2020,005018-20CP,Code Compliance Complaint,Closed,308    4TH  AVE  S  SEATTLE,,HOUSING - RRIO REG: 001-0100410,,,,,,,,,
6/9/2020,1050396-VI,Notice of Violation,Completed,308    4TH  AVE  S  SEATTLE,,Housing and Bldg. Maintenance Code Violation,,,,,,,,,
5/29/2020,004439-20CP,Code Compliance Complaint,Completed,308    4TH  AVE  S  SEATTLE,,HOUSING - RRIO REG: 001-0100410,,,,,,,,,
5/20/2020,004090-20CP,Code Compliance Complaint,Closed,308    4TH  AVE  S  SEATTLE,,HOUSING - RRIO REG: 001-0100410,,,,,,,,,
4/29/2020,6780752-EL,Electrical Permit: Over the Counter,Completed,308    4TH  AVE  S  SEATTLE,Addison North Stairwells,Adding electrified lever sets to all stairwell doors on north side of building. 2 stairwells total,4/29/2021,,,,,,,,
4/20/2020,1050226-VI,Notice of Violation,Completed,308    4TH  AVE  S  SEATTLE,,Housing and Bldg. Maintenance Code Violation,,,,,,,,,
4/18/2020,003147-20CP,Code Compliance Complaint,Completed,308    4TH  AVE  S  SEATTLE,,POTA & HOUSING - RRIO REG: 001-0100410,,,,,,,,,
4/6/2020,002823-20CP,Code Compliance Complaint,Closed,308    4TH  AVE  S  SEATTLE,,POTA - HOUSING - RRIO REG: 001-0100410,,,,,,,,,
3/11/2020,6776024-EL,Electrical Permit: Over the Counter,Completed,308    4TH  AVE  S  SEATTLE,,Replace existing DVR. Install new network camera system throughout building with speaker deterrent system.,3/11/2021,,,,,,,,
3/10/2020,002103-20CP,Code Compliance Complaint,Closed,308    4TH  AVE  S  SEATTLE,,"POTA, PAOTHR asserts unlawful entries, harassment by management",,,,,,,,,
2/20/2020,001579-20CP,Code Compliance Complaint,Closed,308    4TH  AVE  S  SEATTLE,,POTA & HOUSING - RRIO REG: 001-0100410,,,,,,,,,
2/5/2020,6770147-EL,Electrical Permit: Over the Counter,Expired,308    4TH  AVE  S  SEATTLE,Addison on 4th Access Addition,Adding three doors to existing access control system.,2/5/2021,,,,,,,,
1/24/2020,000705-20CP,Code Compliance Complaint,Completed,308    4TH  AVE  S  SEATTLE,,HOUSING - RRIO REG: 001-0100410,,,,,,,,,
1/21/2020,000620-20CP,Code Compliance Complaint,Completed,308    4TH  AVE  S  SEATTLE,,POTA TRAO HBMC,,,,,,,,,
1/20/2020,000690-20CP,Code Compliance Complaint,Completed,308    4TH  AVE  S  SEATTLE,,POTA,,,,,,,,,
1/14/2020,000434-20CP,Code Compliance Complaint,Completed,308    4TH  AVE  S  SEATTLE,,NOISE & HOUSING - RRIO REG: 001-0100410,,,,,,,,,
1/14/2020,000416-20CP,Complaint,Completed,308 4th AVE S,,"Per Online; The boiler system has been partially down since Wednesday, January 8th after the fire in the trash chute we had no heat and no notice that something was wrong until Sunday, January 12th. They did distribute space heaters that are inadequate and can only be used in specific electrical sockets, which in my case, are both in the kitchen, so it does nothing to heat the room I actually live in. The radiated heat did come on around 2 p.m., but turned off around 9 p.m. la",Request,POINT (-122.32851868 47.59982559),Completed,,,,,,https://services.seattle.gov/portal/customize/LinkToRecord.aspx?altId=000416-20CP
1/8/2020,000279-20CP,Complaint,Completed,308 4th AVE S,,"Per Online; This is a follow up to compliant number 000238-20CP. Trash chute is no longer clogged with trash it CAUGHT FIRE, yesterday and the Seattle Fire Department pulled all of the trash out of the trash chute for all floors.",Request,POINT (-122.32851868 47.59982559),,,,,,,https://services.seattle.gov/portal/customize/LinkToRecord.aspx?altId=000279-20CP
1/7/2020,000238-20CP,Complaint,Completed,308 4th AVE S,,Trash accumulating in all four stairways of this building. Enough trash to impede rapid decent of stairs during fire alarms.,Request,,,,,,,,https://services.seattle.gov/portal/customize/LinkToRecord.aspx?altId=000238-20CP
1/7/2020,000239-20CP,Complaint,Closed,308 4TH AVE S,,Per Online; Garbage piles in hallways due to broken garbage chute for the last month. Stairwells full of trash and human poop. Loud fire alarm going off nightly.,Request,POINT (-122.32851868 47.59982559),,,,SEATTLE,WA,8/5/2168,https://services.seattle.gov/portal/customize/LinkToRecord.aspx?altId=000239-20CP
1/3/2020,000141-20CP,Complaint,Completed,308 4TH AVE S,LandLord/Tenant,"Garbage chute has been broken since Thanksgiving, garbage piled up, unsanitary.  Bedbug infestation in unit. Heat doesn't work properly leaks cold steam when you turn it on. Microwave and oven don't work properly, fridge doesn't keep food cold. Mgmt allows homeless to come in keeping tenants awake no security, drug use, needles being left. There are 2-3 smoke detectors that go off all the time.Tenant has lung issues, PTSSD, health is at risk can't live there anymore. What ar",Request,POINT (-122.32851868 47.59982559),No Access/Unable to Observe,,,SEATTLE,WA,8/5/2168,https://services.seattle.gov/portal/customize/LinkToRecord.aspx?altId=000141-20CP
1/3/2020,000145-20CP,Complaint,Closed,308 4TH AVE S,,"Rats, bed bugs in unit, roaches",Request,POINT (-122.32851868 47.59982559),No Access/Unable to Observe,,,SEATTLE,WA,8/5/2168,https://services.seattle.gov/portal/customize/LinkToRecord.aspx?altId=000145-20CP
1/2/2020,000128-20CP,Complaint,Closed,308 4TH AVE S,,"Garbage chute broken for 3 weeks; unsanitary conditions, rat concerns",Request,POINT (-122.32851868 47.59982559),,,,SEATTLE,WA,8/5/2168,https://services.seattle.gov/portal/customize/LinkToRecord.aspx?altId=000128-20CP
1/2/2020,000129-20CP,Complaint,Closed,308 4TH AVE S,,"Garbage chute broken for 3 weeks; unsanitary conditions, rat concerns",Request,POINT (-122.32851868 47.59982559),,,,SEATTLE,WA,8/5/2168,https://services.seattle.gov/portal/customize/LinkToRecord.aspx?altId=000129-20CP
12/30/2019,011867-19CP,Complaint,Completed,308 4TH AVE S,,Trash has not been collected for over 3 weeks.  The garbage chutes are backed up.  No plan when this issue will be resolved.,Request,POINT (-122.32851868 47.59982559),Completed,,,SEATTLE,WA,8/5/2168,https://services.seattle.gov/portal/customize/LinkToRecord.aspx?altId=011867-19CP
12/26/2019,011787-19CP,Complaint,Completed,308 4TH AVE S,,"We have had 3 weeks of backed up trash chutes.  Management told us to put the trash by the chute, and it will be picked up. It's been 3 weeks of accumulated garbage, now with flies and maybe rats.",Request,POINT (-122.32851868 47.59982559),,,,SEATTLE,WA,8/5/2168,https://services.seattle.gov/portal/customize/LinkToRecord.aspx?altId=011787-19CP
12/20/2019,011704-19CP,Complaint,Completed,308 4TH AVE S,LandLord/Tenant,Received an 14day eviction notice on 12/6. Notice is up today. Unit has several code violations. Unit was not cleaned prior to moving in. Bathroom & Kitchen sink are clogged up. There are bedbugs & roaches in unit. Heater only works periodically and it squirts out water when it's on. Garbage chutes have been backed up with garbage since Thanksgiving now tenants are putting garbage in hallways; this is unsanitary. All floors smell like meth or feces. People are defecating in,Request,POINT (-122.32851868 47.59982559),,,,SEATTLE,WA,8/5/2168,https://services.seattle.gov/portal/customize/LinkToRecord.aspx?altId=011704-19CP
FIRE DEPT/EMS REPORTED THIS VIOLATION AFTER RESPONDING TO THE ADDISON- ,,,,,,,,,,,,,,,
12/6/2019,1049214-VI,Notice of Violation,Completed,308 4TH AVE S,,"Per Online; While responding to this address on Fire/Ems calls we have observed unsafe/unsanitary conditions in common areas throughout the building (feces, needles, garbage etc). We are pursuing remedy through our code enforcement division but many of the problems are beyond our scope (Seattle Fire Code).",Case,POINT (-122.32851868 47.59982559),Completed,,,SEATTLE,WA,8/5/2168,https://services.seattle.gov/portal/customize/LinkToRecord.aspx?altId=1049214-VI
11/18/2019,010959-19CP,Complaint,Closed,308 4TH AVE S,,"Freight/service elevator shut-off. Bedbugs, stairwells are full of feces and no light bulbs.",Request,POINT (-122.32851868 47.59982559),,,,SEATTLE,WA,8/5/2168,https://services.seattle.gov/portal/customize/LinkToRecord.aspx?altId=010959-19CP
11/9/2019,010696-19CP,Complaint,Completed,308 4TH AVE S,,"Per Online; While responding to this address on Fire/Ems calls we have observed unsafe/unsanitary conditions in common areas throughout the building (feces, needles, garbage etc). We are pursuing remedy through our code enforcement division but many of the problems are beyond our scope (Seattle Fire Code).",Request,POINT (-122.32851868 47.59982559),Completed,,,SEATTLE,WA,8/5/2168,https://services.seattle.gov/portal/customize/LinkToRecord.aspx?altId=010696-19CP
11/9/2019,010697-19CP,Complaint,Completed,308 4TH AVE S,,"HOUSING--per online--I made a complaint about The Addison 308 4th Ave South earlier, but didn't leave my contact information. (see #001183-19CP)",Request,POINT (-122.32851868 47.59982559),,,,SEATTLE,WA,8/5/2168,https://services.seattle.gov/portal/customize/LinkToRecord.aspx?altId=010697-19CP
10/14/2019,009902-19CP,Complaint,Completed,308 4TH AVE S,,HOUSING--per phone call--landlord has set elevators to only let tenants off on the floor they live on.  Doors are locked to the stairwells and could present a safety issue.  All of the windows on the upper floors have been frosted so you can't see out of them.  Key fob doesn't work,Request,POINT (-122.32851868 47.59982559),Completed,,,SEATTLE,WA,8/5/2168,https://services.seattle.gov/portal/customize/LinkToRecord.aspx?altId=009902-19CP
9/23/2019,009194-19CP,Complaint,Completed,308 4TH AVE S,,"Bed bugs in unit, work in the bathroom (from a leak) that hasn't been completed. Black Mold in hallway and garbage chute",Request,POINT (-122.32851868 47.59982559),Completed,,,SEATTLE,WA,8/5/2168,https://services.seattle.gov/portal/customize/LinkToRecord.aspx?altId=009194-19CP
9/17/2019,008950-19CP,Complaint,Completed,308 4TH AVE S,LandLord/Tenant,POTA--per phone call--questions about move out process,Request,POINT (-122.32851868 47.59982559),,,,SEATTLE,WA,,https://services.seattle.gov/portal/customize/LinkToRecord.aspx?altId=008950-19CP
9/9/2019,008631-19CP,Complaint,Closed,308 4TH AVE S,,HOUSING--per walk in--refrigerator/freezer broken for over 1 month.  Kitchen sink handle broken off for 1 month.  Shower handle stuck for 3 days.  2 smoke detectors not mine for 2 months chirping,Request,POINT (-122.32851868 47.59982559),,,,SEATTLE,WA,,https://services.seattle.gov/portal/customize/LinkToRecord.aspx?altId=008631-19CP
9/5/2019,008518-19CP,Complaint,Closed,308 4TH AVE S,,Bedbugs from furniture in hallway. Complainant is allergic.,Request,POINT (-122.32851868 47.59982559),,,,SEATTLE,WA,8/5/2168,https://services.seattle.gov/portal/customize/LinkToRecord.aspx?altId=008518-19CP
8/9/2019,007444-19CP,Complaint,Closed,308 4TH AVE S,,HOUSING--per phone call--bed bug infestation.  Multiple units infested,Request,POINT (-122.32851868 47.59982559),Withdrawn,,,SEATTLE,WA,8/5/2168,https://services.seattle.gov/portal/customize/LinkToRecord.aspx?altId=007444-19CP
7/31/2019,1047563-VI,Notice of Violation,Completed,308 4TH AVE S,,Tenant says there is repeated junk and garbage that is left in what he describes as an awning. Mgmt is aware of this and has refused to clean it up. Junk is very toxic and tenant is not able to open window due to the smell. You have permission to view from his unit.,Case,POINT (-122.32851868 47.59982559),Compliance Achieved,,,SEATTLE,WA,8/5/2168,https://services.seattle.gov/portal/customize/LinkToRecord.aspx?altId=1047563-VI
7/19/2019,006480-19CP,Complaint,Closed,308 4TH AVE S,,"HOUSING--per phone call--exposed electrical wiring, trash at the base of the stairwell, elevator does not work",Request,POINT (-122.32851868 47.59982559),,,,SEATTLE,WA,8/5/2168,https://services.seattle.gov/portal/customize/LinkToRecord.aspx?altId=006480-19CP
7/12/2019,006142-19CP,Complaint,Completed,308 4TH AVE S,Land Use,Tenant says there is repeated junk and garbage that is left in what he describes as an awning. Mgmt is aware of this and has refused to clean it up. Junk is very toxic and tenant is not able to open window due to the smell. You have permission to view from his unit.,Request,POINT (-122.32851868 47.59982559),Completed,,,SEATTLE,WA,8/5/2168,https://services.seattle.gov/portal/customize/LinkToRecord.aspx?altId=006142-19CP
6/27/2019,001-0001292-001R,Rental Property Renewal,Renewal Issued,308    4TH  AVE  S  SEATTLE,,,,,,,,,,,
6/13/2019,004-0036673,Transfer Existing Registration to New Owners,Amendment Accepted,308    4TH  AVE  S  SEATTLE,,,,,,,,,,,
5/2/2019,003344-19CP,Complaint,Completed,308 4TH AVE S,,"Elevator in building is not working been like this since April 1st. Tenants have got stuck in it before. Have not been able to reach Mgmt. emergency line does not work. There is no access to building/Unit when elevator is down, what should tenants do?",Request,POINT (-122.32851868 47.59982559),Completed,,,SEATTLE,WA,8/5/2168,https://services.seattle.gov/portal/customize/LinkToRecord.aspx?altId=003344-19CP
3/12/2019,001893-19CP,Complaint,Completed,308 4TH AVE S,,"Broken window on the building, and generally an unsecured building that resulted in tenant being robbed at knifepoint inside the building. Frequent illegal entry by the landlord into tenants unit.",Request,POINT (-122.32851868 47.59982559),Completed,,,SEATTLE,WA,8/5/2168,https://services.seattle.gov/portal/customize/LinkToRecord.aspx?altId=001893-19CP
2/28/2019,001482-19CP,Complaint,Completed,308 4TH AVE S,"Emergency , LandLord/Tenant","Mold around tub no drain in tub. Heater/thermostat knob is not attached to radiator. No heat since 2/5/2019. No lease when moved in, no receipt of full payment of deposit $900",Request,POINT (-122.32851868 47.59982559),Completed,,,SEATTLE,WA,8/5/2168,https://services.seattle.gov/portal/customize/LinkToRecord.aspx?altId=001482-19CP
2/16/2019,001183-19CP,Complaint,Closed,308 4TH AVE S,,"The Addison in fourth has a roof that is structurally unsound on the 9th floor. I have gathered pictures. There are feces in the hallway. The elevators are dangerous and constantly breakdown and people get stuck in them. Another tenant whom I have contact for, has a video of an office member here urinating on the floors of the building. They only fix things if threatened with reporting which I have done and they are trying to fix fast. The garbage room is absolutely disgusting",Request,POINT (-122.32851868 47.59982559),,,,SEATTLE,WA,8/5/2168,https://services.seattle.gov/portal/customize/LinkToRecord.aspx?altId=001183-19CP
1/29/2019,000881-19CP,Complaint,Completed,308 4TH AVE S,,Bedbugs,Request,POINT (-122.32851868 47.59982559),,,,SEATTLE,WA,8/5/2168,https://services.seattle.gov/portal/customize/LinkToRecord.aspx?altId=000881-19CP
10/16/2018,009750-18CP,Complaint,Completed,308 4TH AVE S,,"Property manager unresponsive to concerns about common areas overrun with unauthorized occupants, unsecured entry.",Request,POINT (-122.32851868 47.59982559),Completed,,,SEATTLE,WA,8/5/2168,https://services.seattle.gov/portal/customize/LinkToRecord.aspx?altId=009750-18CP
9/13/2018,008746-18CP,Complaint,Closed,308 4th AVE S,,HOUSING--per phone call--garbage in the stairwell for over a week. A gallon of milk has been spilled and smells awful.  Has asked the management to clean it up to no avail,Request,POINT (-122.32851868 47.59982559),,,,SEATTLE,WA,,https://services.seattle.gov/portal/customize/LinkToRecord.aspx?altId=008746-18CP
6/11/2018,005430-18CP,Complaint,Completed,308 4th AVE S,LandLord/Tenant,"POTA--per walk-in (SA)--Man said sub-tenant, tenant in jail, wants to pay rent and continue to live in unit. Referred to SPD",Request,POINT (-122.32851868 47.59982559),,,,SEATTLE,WA,8/5/2168,https://services.seattle.gov/portal/customize/LinkToRecord.aspx?altId=005430-18CP
6/8/2018,005450-18CP,Complaint,Closed,308 4TH AVE S,LandLord/Tenant,"Had a water leak in the bldg. awhile back and it was not properly fixed. Now there's black mold everywhere and it smells awful, getting tenants sick. Tenant has asthma with this smell she's having constant asthma attacks, wants to know rights if she breaks lease",Request,POINT (-122.32851868 47.59982559),,,,SEATTLE,WA,8/5/2168,https://services.seattle.gov/portal/customize/LinkToRecord.aspx?altId=005450-18CP
5/7/2018,1044184-VI,Notice of Violation,Completed,308 4TH AVE S,Land Use,"PER PHONE COMPLAINT: HBMC violations - windows.Windows are not properly insulated.On the bottom floor, diesel fuel from buses that comes into unit and covers walls and unit, causing tenant to get sick. Walls are covered with black soot, landlord refuses to do anything about it.",Case,POINT (-122.32851868 47.59982559),Compliance Achieved,,,SEATTLE,WA,8/5/2168,https://services.seattle.gov/portal/customize/LinkToRecord.aspx?altId=1044184-VI
3/26/2018,003012-18CP,Code Compliance Complaint,Completed,308    4TH  AVE  S  SEATTLE,,,,,,,,,,,
3/23/2018,002976-18CP,Code Compliance Complaint,Completed,308    4TH  AVE  S  SEATTLE,,HBMC,,,,,,,,,
3/21/2018,002925-18CP,Code Compliance Complaint,Completed,308    4TH  AVE  S  SEATTLE,,WithdrawnComplaint withdrawn as per 4/10/18 communication (see log),,,,,,,,,
3/9/2018,002626-18CP,Code Compliance Complaint,Closed,308    4TH  AVE  S  SEATTLE,,,,,,,,,,,
1/12/2018,001258-18CP,Code Compliance Complaint,Completed,308    4TH  AVE  S  SEATTLE,,"No Violation... On Wednesday January 10 2018,  I ordered an inspection of Ms Kina Ellis’ apartment at 308 4th Ave S Unit 826.  In attendance from SDCI were H/Z Inspectors Rudolph, Mai, and Hinch.  We inspected her apartment alongside the Addison on Fourth Pinnacle Living management and maintenance team with a licensed exterminator to immediately follow our inspection.  Ms Ellis was also present.  The result of this thorough inspection including the results of the exterminator is that there is no evidence of any rodent activity.  No droppings were found, no entry points discovered.",,,,,,,,,
11/9/2017,007961-17CP,Code Compliance Complaint,Completed,308    4TH  AVE  S  SEATTLE,,WithdrawnComplaint withdrawn as per 11/21/17 communication (see log),,,,,,,,,
10/13/2017,007411-17CP,Code Compliance Complaint,Completed,308    4TH  AVE  S  SEATTLE,,10/18/2017 HM - Complaint withdrew.,,,,,,,,,
10/13/2017,007402-17CP,Code Compliance Complaint,Completed,308    4TH  AVE  S  SEATTLE,,DEPFES,,,,,,,,,
7/18/2017,1040700-VI,Notice of Violation,Completed,308    4TH  AVE  S  SEATTLE,,Violation of the Seattle Just Cause Eviction Ordinance - SMC 22.206.160(C).  Failure to state a just cause reason for the termination.,,,,,,,,,
7/13/2017,6607651-EL,Electrical Permit: Over the Counter,Completed,308    4TH  AVE  S  SEATTLE,,INSTALLATION OF LOW VOLTAGE 800 MHZ DISTRIBUTED ANTENNA SYSTEM.,7/13/2018,,,,,,,,
6/30/2017,004539-17CP,Code Compliance Complaint,Completed,308    4TH  AVE  S  SEATTLE,,No bedbugs observed in Unit #218. Communicated with Mgmt. Treatment scheduled next week - 7/6/17 sr.,,,,,,,,,
5/24/2017,6599105-EL,Electrical Permit: Over the Counter,Expired,308    4TH  AVE  S  SEATTLE,,"LOW-VOLTAGE MUSIC SYSTEM WIRING, PLENUM-RATED 18AWG WIRE",5/24/2018,,,,,,,,
5/12/2017,6596892-EL,Electrical Permit: Over the Counter,Completed,308    4TH  AVE  S  SEATTLE,,"RELOCATE 2 SPEAKERS/STROBE, ADD 1 SPEAKER/STROBES, AND 1 STROBE TO THE EXISTING FIRE ALARM SYSTEM.",5/12/2018,,,,,,,,
5/3/2017,6595278-EL,Electrical Permit: Over the Counter,Expired,308    4TH  AVE  S  SEATTLE,,NEW TENANT IMPROVEMENT INCLUDE INSTALLING ONE 200A 3 PHASE PANEL.,5/3/2018,,,,,,,,
5/2/2017,6594806-RF,Refrigeration Permit,Completed,308    4TH  AVE  S  SEATTLE,,INSTALL MINI SPLIT HEAT PUMP SYSTEM,11/2/2018,,,,,,,,
4/24/2017,6593160-EL,Electrical Permit: Over the Counter,Completed,308    4TH  AVE  S  SEATTLE,,"MOBILE ONE  INSTALL 1 VISTA 20 ALARM PANEL,KEYPAD, TRANSFORMER, 3 DOOR CONTACTS, 3 MOTION DETECTORS,  5 INDOOR CAMERAS, 1 DVR",4/24/2018,,,,,,,,
4/14/2017,1039961-VI,Notice of Violation,Completed,308    4TH  AVE  S  SEATTLE,,3/22/17 ej- Observed housing code violations such as but not limited to evidence of mice and broken wall covering and other miscellaneous items.,,,,,,,,,
4/12/2017,6591313-SB,"Sign, Awning and Canopy Permit",Completed,308    4TH  AVE  S  SEATTLE,TMOBILE,"INSTALL (1) ILLUMINATED WALL SIGN FOR ""T-MOBILE"". (PROPOSED PROJECTING BLADE SIGN NOT APPROVED BY THE INTERNATIONAL SPECIAL REVIEW DISTRICT IS NOT INCLUDED ON THIS PERMIT).",10/18/2018,,,,,,,,
3/28/2017,002410-17CP,Code Compliance Complaint,Completed,308    4TH  AVE  S  SEATTLE,,Withdrawn,,,,,,,,,
3/20/2017,002270-17CP,Code Compliance Complaint,Completed,308    4TH  AVE  S  SEATTLE,,3/22/17 ej- Observed housing code violations such as but not limited to evidence of mice and broken wall covering and other miscellaneous items.06/01/17 DW Obsevered all the holes were repaired. No signs of rodents. Between management and myself will monitor the unit for a week to determine if rodents exists. The maintenance team has made improvements to this point.,,,,,,,,,
3/1/2017,1039578-VI,Notice of Violation,Completed,308    4TH  AVE  S  SEATTLE,,Housing and Bldg Maintenance Code Violation,,,,,,,,,
2/24/2017,6582960-EL,Electrical Permit: Over the Counter,Completed,308    4TH  AVE  S  SEATTLE,,Closed as incomplete INSTALL A ACCESS CONTROL SYSTEM W/ 1 READER IN EACH OF 3 ELEVATOR CABS,2/24/2018,,,,,,,,
2/15/2017,001702-17CP,Code Compliance Complaint,Completed,308    4TH  AVE  S  SEATTLE,,Housing and Bldg Maintenance Code Violation,,,,,,,,,
2/3/2017,6579581-FS,Fire Sprinkler and Suppression Permit,Completed,308    4TH  AVE  S  SEATTLE,T-MOBILE,STAND ALONE FIRE SPRINKLER; Add/relocate (15) sprinkler heads. SUITE 118,9/1/2018,,,,,,,,
1/31/2017,001491-17CP,Code Compliance Complaint,Completed,308    4TH  AVE  S  SEATTLE,,Withdrawn,,,,,,,,,
11/30/2016,6567585-CN,Construction Permit,Completed,308    4TH  AVE  S  SEATTLE,,"Construct tenant improvements to existing commercial building on the ground floor south tenant (suite 118), occupy per plan.",10/27/2018,,,,,,,,
11/23/2016,007724-16CP,Code Compliance Complaint,Completed,308    4TH  AVE  S  SEATTLE,,"As of 11/30/16, exiting on main level appears to be per code.11/30/16: no photos taken by Building Inspector Jeff Krieg.",,,,,,,,,
12/2/2015,007464-15CP,Code Compliance Complaint,Completed,308    4TH  AVE  S  SEATTLE,,No ViolationSign posted indicating No smoking within 25ft of bldg. This is not required by permit conditions - 2/10/16 sr.,,,,,,,,,
5/11/2015,004-0001640,Rental Property Inspection Requirement,Inspection Completed,308    4TH  AVE  S  SEATTLE,Created from 001-0100410,,,,,,,,,,
1/2/2015,6453102-EL,Electrical Permit: Over the Counter,Completed,308    4TH  AVE  S  SEATTLE,,"NEW INSTALL OF BURG SYSTEM - 1 PANEL, 1 CELL COMMUNICATOR, 1 KEYPAD, 1 SIREN, (PLUS 8 WIRELESS DEVICES)",1/2/2016,,,,,,,,
12/29/2014,6452448-EL,Electrical Permit: Over the Counter,Completed,308    4TH  AVE  S  SEATTLE,,LOW VOLT SECURITY INSTALL,12/29/2015,,,,,,,,
10/31/2014,6444031-EL,Electrical Permit: Over the Counter,Completed,308    4TH  AVE  S  SEATTLE,,FAR WEST TECHNOLOGIES WILL PROVIDE EQUIPMENT AND PROFESSIONAL INSTALLATION LABOR FOR THE WOODROW JEWELERS PROJECT.SYSTEM LABOR FOR DOOR CONTROL - INTERCOM FAR WEST TECHNOLOGIES WILL INSTALL:• INTERCOM SYSTEM WITH COLOR CAMERA (1)O MAIN ENTRANCE INTERCOM AND DOOR RELEASE BUTTON• BUTTON (1)O SECONDARY ENTRANCE DOOR RELEASE • POWER SUPPLY (1)• RELAY MODULE (1)• FIELD DEVICE INSTALLATION INCLUDING WIRE TERMINATIONS• WIRE LABELING • MISCELLANEOUS INSTALLATION HARDWARE REQUIRED FOR DEVICE INSTALLATION,10/31/2015,,,,,,,,
10/24/2014,6443083-ME,Mechanical Permit,Completed,308    4TH  AVE  S  SEATTLE,,"Install (1) supply fan, ductwork, and (2) diffusers",4/24/2016,,,,,,,,
9/30/2014,6439039-ME,Mechanical Permit,Canceled,308    4TH  AVE  S  SEATTLE,,4/24/17 HUD. CANCELLED IAW SBC 106.6.9. Tenant improvement on 1st floor of existing 9 story building. Installing 2 new ductless split systems,,,,,,,,,
9/24/2014,6438042-EL,Electrical Permit: Over the Counter,Completed,308    4TH  AVE  S  SEATTLE,,FIRE SYSTEMS WEST IS ADDING NOTIFICATION DEVICES FOR TENANT IMPROVEMENTS.,9/24/2015,,,,,,,,
9/18/2014,6437331-RF,Refrigeration Permit,Completed,308    4TH  AVE  S  SEATTLE,,INSTALL REFRIGERATION PIPING,3/18/2016,,,,,,,,
9/12/2014,6436346-EL,Electrical Permit: Over the Counter,Completed,308    4TH  AVE  S  SEATTLE,,POWER FOR TEMP OFFICE 9-17-14 BZ changed address from 308 S. Jackson St. to 308 4th Ave S.,9/12/2015,,,,,,,,
9/2/2014,6434677-EL,Electrical Permit: Over the Counter,Completed,308    4TH  AVE  S  SEATTLE,,"SME WILL INSTALL (6) 1X4 2-LAMP T8 SURFACE FIXTURES, (1) CEILING MOTION SENSOR, (1) CEILING DAYLIGHT SENSOR, (8) DUPLEX RECEPTACLES, (1) SIGN CIRCUIT AND TIME CLOCK, (1) ADDITIONAL WALL HEATER. SME WILL ALSO REMOVE AND REPLACE (4) 20-AMP CIRCUIT BREAKERS. 9/4/14 JCB; ADDRESS CHANGED FROM 2801 ALASKAN WAY. 10/28/14 JCB; ADD 1 20 AMP CKT FOR SPLIT SYSTEM HEAT PUMP.",9/2/2015,,,,,,,,
9/2/2014,6434676-EL,Electrical Permit: Over the Counter,Completed,308    4TH  AVE  S  SEATTLE,,"SME WILL INSTALL (8) 1X4 2-LAMP T8 SURFACE FIXTURES, (1) EXIT LIGHT FIXTURE, (4) MOTION SENORS, (10) DUPLEX RECEPTACLES, (1) SIGN CIRCUIT AND TIME CLOCK, (1) SPLIT SYSTEM HEAT PUMP. SME WILL ALSO REMOVE AND REPLACE (6) 20 AMP CIRCUIT BREAKERS. 9/4/14 JCB; ADDRESS CHANGED FROM 2801 ALASKAN WAY. 10/28/14 JCB; ADD 2 20 AMP CKTS.",9/2/2015,,,,,,,,
7/18/2014,6427835-CN,Construction Permit,Completed,308    4TH  AVE  S  SEATTLE,,"Construct tenant improvement to existing commercial building for the NW suite on ground floor (Woodrow's Jeweler Suite 113), per plan.",2/12/2016,,,,,,,,
7/18/2014,6427840-CN,Construction Permit,Completed,308    4TH  AVE  S  SEATTLE,,"Construct interior tenant improvement for Tsehay Collection in suite 115, Subject to Field Inspection (STFI), per floorplan.",1/18/2016,,,,,,,,
7/15/2014,001-0100410,Rental Property Registration,Active Registration,308    4TH  AVE  S  SEATTLE,,,10/13/2025,,,,,,,,
7/1/2014,6425334-CN,Construction Permit,Completed,308    4TH  AVE  S  SEATTLE,,"CLOSED AS INCOMPLETE - EXPIRED PERMIT. Exterior alteration to existing commercial building (the addison), per site plan subject to field inspection (STFI)",1/1/2016,,,,,,,,
5/29/2014,1032075-VI,Notice of Violation,Completed,308    4TH  AVE  S  SEATTLE,,VIOLATION OF THE HBMC STANDARDS-HOUSING05/28/14-VS-Observed a violation of the HBMC Standards including but not limited to a Bed Bug infestation.,,,,,,,,,
5/20/2014,002794-14CP,Code Compliance Complaint,Completed,308    4TH  AVE  S  SEATTLE,,VIOLATION OF THE HBMC STANDARDS-HOUSING05/28/14-VS-Observed a violation of the HBMC Standards including but not limited to a Bed Bug infestation.,,,,,,,,,
3/11/2014,6407939-GR,Grading Permit,Completed,308    4TH  AVE  S  SEATTLE,,"Grading to repave and reconfigure a portion of surface parking lot for use by adjacent building, per plan. (Double tagged with and document tracking under 6389212.)",1/30/2017,,,,,,,,
12/6/2013,6395222-EL,Electrical Permit: Over the Counter,Completed,308    4TH  AVE  S  SEATTLE,,SME WILL INSTALL ONE DEDICATED CIRCUIT FOR THE ROLL-UP DOOR AT THE NORTH ENTRANCE.,12/6/2014,,,,,,,,
11/15/2013,6392474-EL,Electrical Permit: Over the Counter,Completed,308    4TH  AVE  S  SEATTLE,,INSTALL ADDRESSABLE RELAY TO TRIGGER GATE TO OPEN ON ALARM,11/15/2014,,,,,,,,
11/4/2013,3016463-LU,Master Use Permit,Completed,308    4TH  AVE  S  SEATTLE,,"Land use application to adjust the boundary between two parcels of land. Proposed parcel sizes are:A) 17,270 sq. ft.; B )22,243 sq. ft.Existing structures to remain.",8/22/2017,,,,,,,,
10/21/2013,6260187-CN-005,Renewal Request,Completed,308    4TH  AVE  S  SEATTLE,,Renew AP # 6260187 from 11/11/13 to 05/11/15,,,,,,,,,
8/6/2013,6260187-CN-004,Shop Drawing,Completed,308    4TH  AVE  S  SEATTLE,,"Shop Drawings - Stairs shop - stairs 7,8,9 per plans. (Type: PREFABST)",,,,,,,,,
7/18/2013,6374293-CY,Conveyance Permit,Completed,308    4TH  AVE  S  SEATTLE,ADDISON ON FOURTH,"MODERNIZATION - CONTROLLER, MACHIN, MOTOR, ROPE GRIPPER, GOVERNOR FRAME, BUFFERS, FIXTURES, DOOR OPERATOR, AND TRAVELER.",1/23/2015,,,,,,,,
7/1/2013,6372033-CY,Conveyance Permit,Completed,308    4TH  AVE  S  SEATTLE,ADDISON ON FOURTH,"MODERANIZATION, CONTROLLER, TRAVELER,MACHINE,MOTOR DEFLECTOR SHEAVE,ROPE GRIPPER,GOVERNER, CALLER GUIDES, DOOR OPERATOR, FIXTURES",1/2/2015,,,,,,,,
7/1/2013,6372030-CY,Conveyance Permit,Completed,308    4TH  AVE  S  SEATTLE,ADDISON ON FOURTH,"MODERANIZATION, CONTROLLER, TRAVELER,MACHINE,MOTOR DEFLECTOR SHEAVE,ROPE GRIPPER,GOVERNER, CALLER GUIDES, DOOR OPERATOR, FIXTURES",1/2/2015,,,,,,,,
6/28/2013,6371811-BP,Boiler/Pressure Vessel Permit,Completed,308    4TH  AVE  S  SEATTLE,,BOILER & PRESSURE VESSEL,12/28/2014,,,,,,,,
6/28/2013,6371810-BP,Boiler/Pressure Vessel Permit,Completed,308    4TH  AVE  S  SEATTLE,,BOILER & PRESSURE VESSEL,12/28/2014,,,,,,,,
6/28/2013,6371809-BP,Boiler/Pressure Vessel Permit,Completed,308    4TH  AVE  S  SEATTLE,,BOILER & PRESSURE VESSEL,12/28/2014,,,,,,,,
6/28/2013,6371803-BP,Boiler/Pressure Vessel Permit,Completed,308    4TH  AVE  S  SEATTLE,,BOILER & PRESSURE VESSEL,12/28/2014,,,,,,,,
6/28/2013,6371763-BP,Boiler/Pressure Vessel Permit,Completed,308    4TH  AVE  S  SEATTLE,,INSTALL BOILER AND PRESSURE VESSEL,12/28/2014,,,,,,,,
6/28/2013,6371764-BP,Boiler/Pressure Vessel Permit,Completed,308    4TH  AVE  S  SEATTLE,,INSTALL BOILER AND PRESSURE VESSEL,12/28/2014,,,,,,,,
6/28/2013,6371765-BP,Boiler/Pressure Vessel Permit,Completed,308    4TH  AVE  S  SEATTLE,,INSTALL BOILER AND PRESSURE VESSEL,12/28/2014,,,,,,,,
6/28/2013,6371761-BP,Boiler/Pressure Vessel Permit,Completed,308    4TH  AVE  S  SEATTLE,,INSTALL BOILER AND PRESSURE VESSEL,12/28/2014,,,,,,,,
5/29/2013,6367246-CY,Conveyance Permit,Completed,308    4TH  AVE  S  SEATTLE,DOWNTOWNER,INSTALL NEW 2-STOP COMMERCIAL VERTICAL PLATFORM LIFT.,12/5/2014,,,,,,,,
4/24/2013,6362607-SB,"Sign, Awning and Canopy Permit",Completed,308    4TH  AVE  S  SEATTLE,ADDISON ON FOURTH,"INSTALL (1) BANNER WALL SIGN FOR ""ADDISON ON FOURTH""",11/1/2014,,,,,,,,
4/18/2013,6361855-CY,Conveyance Permit,Closed,308    4TH  AVE  S  SEATTLE,ADDISION ON FORTH,TEMPORARY OPERATING PERMIT,8/13/2015,,,,,,,,
4/16/2013,SUUMPX203329,Utility Major Permit,In Process,308    4TH  AVE  S  SEATTLE,308 4TH AVE S,E.358715/STTLWA06/W26223/Jeremy Mastroianni 206-345-2897CenturyLink to trench from manhole 474 located 3' south of the C/L of S Main St. Approx +/- 4' S then a 45 degree bend to the SW for approx 26'to face of building. Perform restoration of asphalt on S Main and restoration on curb and sidewalk. Anticipated Start Date: 02/21/2013,11/1/2020,,,,,,,,
4/11/2013,6360836-EL,Electrical Permit: Over the Counter,Completed,308    4TH  AVE  S  SEATTLE,,REPLACE 80 FIXTURES & EGRESS LIGHTING AND STAIRWAYS,4/11/2014,,,,,,,,
4/1/2013,6359477-EL,Electrical Permit: Over the Counter,Completed,308    4TH  AVE  S  SEATTLE,,INSTALL (3) 20A APPLIANCE CIRCUITS,4/1/2014,,,,,,,,
1/18/2013,6349777-EL,Electrical Permit: Over the Counter,Completed,308    4TH  AVE  S  SEATTLE,,TENANT IMPROVEMENT ADDING RECEPS,1/18/2014,,,,,,,,
1/4/2013,6348051-CY,Conveyance Permit,Completed,308    4TH  AVE  S  SEATTLE,DOWNTOWNER,"MODERNIZATION - CONTROLLER, TRAVELER, MACHINE, MOTOR DEFLECTOR SHEAVE, GRIPPER, GOVERNOR, ROLLER GUIDES, DOOR OPERATOR & FIXTURES.",7/14/2014,,,,,,,,
1/4/2013,6348050-CY,Conveyance Permit,Completed,308    4TH  AVE  S  SEATTLE,DOWNTOWNER,"MODERNIZATION - CONTROLLER, TRAVELER, MACHINE, MOTOR DEFLECTOR SHEAVE, GRIPPER, GOVERNOR, ROLLER GUIDES, DOOR OPERATOR & FIXTURES.",7/14/2014,,,,,,,,
1/3/2013,6336362-CN-001,Special Inspection,Completed,308    4TH  AVE  S  SEATTLE,,"Structural Special Inspection for: Remove existing transformer vault, accessory to apartment bldg. and construct new vault adjacent in open space on private lot, per plans.",,,,,,,,,
1/2/2013,6347721-EL,Electrical Permit: Over the Counter,Completed,308    4TH  AVE  S  SEATTLE,,TEMPORARY HOOKUP FOR 4 WASHERS AND 4 DRYERS FOR THE NEXT 3 MONTHS,1/2/2014,,,,,,,,
12/31/2012,6347598-FS,Fire Sprinkler and Suppression Permit,Completed,308    4TH  AVE  S  SEATTLE,,"*****SPRINKLER******** Construct alterations and voluntary seismic upgrade to existing mixed-use building, per plans.",11/11/2013,,,,,,,,
11/20/2012,6343112-RF,Refrigeration Permit,Completed,308    4TH  AVE  S  SEATTLE,,INSTALLING LINE SETS FROM (1) CONDENSER TO (2) AH,5/20/2014,,,,,,,,
11/13/2012,6341980-ME,Mechanical Permit,Completed,308    4TH  AVE  S  SEATTLE,,Install three exhaust fans and associated intake louvers for new electrical vault.,7/23/2014,,,,,,,,
11/13/2012,6342036-ME,Mechanical Permit,Completed,308    4TH  AVE  S  SEATTLE,,Install two exhaust fans for elevator equipment.,5/28/2014,,,,,,,,
11/13/2012,6342017-ME,Mechanical Permit,Completed,308    4TH  AVE  S  SEATTLE,,"Install seven exhaust fans, four heat recovery ventilators, one ductless-split system w/ two air handlers & one condenser and associated ducts, grilles, & diffusers.per plans",7/23/2014,,,,,,,,
11/5/2012,1028572-VI,Notice of Violation,Completed,308    4TH  AVE  S  SEATTLE,,Violation of the Just Cause Eviction Ordinance (Seattle Municipal Code Section 22.206.160(C)),,,,,,,,,
10/1/2012,6336766-CY,Conveyance Permit,Completed,308    4TH  AVE  S  SEATTLE,DOWNTOWNER APTS,RELOCATE ELEV #3 (SERVICE) CONTROLLER,5/7/2014,,,,,,,,
9/27/2012,6336362-CN,Construction Permit,Completed,308    4TH  AVE  S  SEATTLE,,"Remove existing transformer vault, accessory to apartment bldg. and construct new vault adjacent in open space on private lot, per plans.",7/11/2014,,,,,,,,
9/27/2012,6260187-CN-003,Revision Request - Building,Completed,308    4TH  AVE  S  SEATTLE,,"Revision to voluntary seismic upgrade, including FRP on interior of N, W, and S elevations, and shotcrete on E elevation.",,,,,,,,,
9/26/2012,6336124-EL,Electrical Permit: Over the Counter,Completed,308    4TH  AVE  S  SEATTLE,,"INSTALLING ACCESS-CONTROL (INTERCOM), A/V, CCTV & TVD SYSTEMS IN NEW OFFICE, LOBBY, FRONT, SIDE & BACK ENTRIES & EXCERCISE ROOM FOR THE DOWNTOWNER-",9/26/2013,,,,,,,,
8/27/2012,6312175-CN-002,Revision Request - Building,Completed,308    4TH  AVE  S  SEATTLE,,Revision to alter basement and add mezzanine area per plan.,,,,,,,,,
7/26/2012,6328769-EL,Electrical Permit: Over the Counter,Completed,308    4TH  AVE  S  SEATTLE,,"30 DAY GET STARTED FOR BRANCH CKTS ONLY, OKAY PER TIM PORTER. PLAN REVIEW UNDER #6328763.",10/7/2012,,,,,,,,
7/26/2012,6328763-EL,Electrical Permit: Plan Review,Completed,308    4TH  AVE  S  SEATTLE,,"REMODEL BASEMENT THRU MEZZ, NEW 2000 AMP SERVICE. 2/28/13 CPG REVISION ADDED BRANCH PANEL, REVISED SERVICE FEEDERS. 4/8/13 MVC: REVISION - ADDING BRANCH PANEL & HEATERS. 7/1/13 JCB; REVISION SUBMITTED FOR SERVICE CONDUCTOR CLARIFICATION - NO CHANGE IN JOB VALUE. 7/18/13 JCB; REVISION TO ADD LEGALLY REQ'D STANDBY SERVICE, INCREASE IN JOB VALUE BY $2500.00. 10/7/13 JCB; RENEW.",10/4/2014,,,,,,,,
7/13/2012,6327247-EL,Electrical Permit: Over the Counter,Completed,308    4TH  AVE  S  SEATTLE,,"FIRE ALARM GET STARTED, REF #6327246",8/13/2012,,,,,,,,
7/13/2012,6327246-EL,Electrical Permit: Plan Review,Completed,308    4TH  AVE  S  SEATTLE,,REPLACING FIRE ALARM SYSTEM,8/27/2013,,,,,,,,
7/12/2012,6327104-EL,Electrical Permit: Over the Counter,Completed,308    4TH  AVE  S  SEATTLE,,THIS IS ONLY A TEMPORARY CONNECTION DURING CONSTRUCTION WORK FOR (5) 50A SPIDER BOXES WHILE WORKING FROM THE SUBBASEMENT THROUGH THE 9TH FLOOR.10/4/12 MVC: ADDING A 50A DEDICATED CIRCUIT FOR WELDER,7/12/2013,,,,,,,,
7/11/2012,6326935-EL,Electrical Permit: Over the Counter,Completed,308    4TH  AVE  S  SEATTLE,,NEW TELEPHONE CABLE AND RISER1/19/13 MVC: ADDING 104 COMMUNICATION DEVICES,7/11/2013,,,,,,,,
6/28/2012,6325632-FS,Fire Sprinkler and Suppression Permit,Completed,308    4TH  AVE  S  SEATTLE,,"Sprinkler shop drawings, per plans.",11/11/2013,,,,,,,,
6/11/2012,6323548-EL,Electrical Permit: Over the Counter,Completed,308    4TH  AVE  S  SEATTLE,,ADD (1) CIRCUIT FOR PAY STATION5/14/2013 JNL - MAILED ABOUT TO EXPIRE LETTER,6/11/2013,,,,,,,,
5/31/2012,6313959-CN-001,Special Inspection,Completed,308    4TH  AVE  S  SEATTLE,,"Structural Special Inspection for: Construct alterations and change of use of portion from storage to artist studio and change use of portion from shop and homeless shelter to artist studio, and occupy per plan.",,,,,,,,,
5/25/2012,6321858-EL,Electrical Permit: Over the Counter,Completed,308    4TH  AVE  S  SEATTLE,,"30 DAY GET STARTED: WALL & CEILING COVER ONLY, REF #6321857 6/20/12 trp extended get started permit",7/25/2012,,,,,,,,
5/25/2012,6321857-EL,Electrical Permit: Plan Review,Completed,308    4TH  AVE  S  SEATTLE,,REPLACE DWELLING UNIT & COMMON AREA PANELS WITH KITCHEN REMODELS,7/6/2013,,,,,,,,
4/27/2012,6260187-CN-002,Special Inspection,Completed,308    4TH  AVE  S  SEATTLE,,"Structural Observation Special Inspection for: Construct alterations and voluntary seismic upgrade to existing mixed-use building, per plans.",,,,,,,,,
4/18/2012,1027313-TR,Tenant Relocation License,Reviews In Process,308    4TH  AVE  S  SEATTLE,,Application for a Tenant Relocation License. Total units: 240; total occupied: 105. Substantial rehabilitation.,,,,,,,,,
4/15/2012,6312175-CN-001,Special Inspection,Completed,308    4TH  AVE  S  SEATTLE,,Structural Special Inspection for: Change use of accessory storage to residential and alterations to existing mixed use building and occupy per plans.,,,,,,,,,
4/12/2012,6260187-CN-001,Special Inspection,Completed,308    4TH  AVE  S  SEATTLE,,"Structural Special Inspection for: Construct alterations and voluntary seismic upgrade to existing mixed-use building, per plans.",,,,,,,,,
3/19/2012,EQP-BP-19062,Boiler Equipment Certification,Permanently Out of Service,308    4TH  AVE  S  SEATTLE,COIL WT BOILER,,,,,,,,,,
3/15/2012,6314077-BP,Boiler/Pressure Vessel Permit,Completed,308    4TH  AVE  S  SEATTLE,,INSTALL NEW BOILER,9/15/2013,,,,,,,,
3/14/2012,6313959-CN,Construction Permit,Completed,308    4TH  AVE  S  SEATTLE,,"Construct alterations and change of use of portion from storage to artist studio and change use of portion from shop and homeless shelter to artist studio, and occupy per plan.",1/10/2014,,,,,,,,
2/27/2012,6312175-CN,Construction Permit,Completed,308    4TH  AVE  S  SEATTLE,,Change use of accessory storage to residential and alterations to existing mixed use building and occupy per plans.,1/10/2014,,,,,,,,
1/9/2012,6307256-EL,Electrical Permit: Over the Counter,Completed,308    4TH  AVE  S  SEATTLE,,"INSTALL CKTS FOR DISHWASHER, DISPOSAL, MICROWAVE, REPLACE INCANDESCENT FIXTURES WITH FLORESCENT FIXTURES OF EACH UNIT. 2/13/12 JCB; ADD (9) LIGHTS, (23) RECEPTS.",1/8/2013,,,,,,,,
9/9/2011,1026094-TR,Tenant Relocation License,Completed,308    4TH  AVE  S  SEATTLE,,"Violation of the Tenant Relocation Assistance Ordinance, Seattle Municipal Code Chapter 22.210.Application for a Tenant Relocation License. Total units: 240. Removal of Use Restrictions.",,,,,,,,,
9/6/2011,3012707-LU,Master Use Permit,Canceled,308    4TH  AVE  S  SEATTLE,,Cancelled due to lack of activity 1/21/2015 mgc.Renovation of existing 9-story apt building back into a hotel.,,,,,,,,,
8/10/2011,6292152-CN,Construction Permit,Closed,308    4TH  AVE  S  SEATTLE,,Renovation of existing 9-story apt building back into a hotel.,,,,,,,,,
6/7/2011,002635-11CP,Code Compliance Complaint,Completed,308    4TH  AVE  S  SEATTLE,,No apparent hazard or unsafe structure seen during 6/8/11 inspection.6/8/11: 3 photos taken by Building Inspector Don White.,,,,,,,,,
2/17/2011,EQP-BP-18350,Boiler Equipment Certification,Permanently Out of Service,308    4TH  AVE  S  SEATTLE,COIL WT BOILER,,,,,,,,,,
2/11/2011,6274331-BP,Boiler/Pressure Vessel Permit,Completed,308    4TH  AVE  S  SEATTLE,,REPLACEMENT OF BOILER WITH NEW,8/11/2012,,,,,,,,
11/10/2010,1024370-TR,Tenant Relocation License,Completed,308    4TH  AVE  S  SEATTLE,,Application for a Tenant Relocation License. Total units: 240; total units occupied: 240. Substantial rehabilitation.,,,,,,,,,
9/8/2010,6260187-CN,Construction Permit,Completed,308    4TH  AVE  S  SEATTLE,,"Construct alterations and voluntary seismic upgrade to existing mixed-use building, per plans.",5/11/2015,,,,,,,,
6/21/2010,6252552-CN,Construction Permit,Completed,308    4TH  AVE  S  SEATTLE,,"Construct repairs and re-enforce cornice of existing building, per plan.",3/10/2012,,,,,,,,
5/27/2010,002645-10CP,Code Compliance Complaint,Completed,308    4TH  AVE  S  SEATTLE,,"A portion of the building's soffit came loose & fell to sidewalk below. Block off the sidewalk, provide a structural engineer's evalaution, obtain permit from DPD & approval from the International Special Review District for repairs.5/25/10: no photos taken by Structural Inspector Tim Blevins.",,,,,,,,,
5/27/2010,1022640-VI,Notice of Violation,Completed,308    4TH  AVE  S  SEATTLE,,Permit 6252552 was issued 9/10/10 and received final approval 11/4/10 for repair of building's soffit that came loose & fell to sidewalk below.,,,,,,,,,
4/8/2010,1022206-VI,Notice of Violation,Completed,308    4TH  AVE  S  SEATTLE,,Violation of the Just Cause Eviction Ordinance due to manager's issuance of a deficient notice to terminate tenancy.,,,,,,,,,
2/18/2010,6241061-CN,Construction Permit,Closed,308    4TH  AVE  S  SEATTLE,,"Fire damage repair to existing restaurant (V-Garden), subject to field inspection, STFI.",,,,,,,,,
10/28/2009,6231558-CY,Conveyance Permit,Completed,308    4TH  AVE  S  SEATTLE,DOWNTOWN APTS,INSTALL HYDRAULIC CAR BUFFER IN ELEVATOR PIT,4/30/2011,,,,,,,,
3/19/2009,1018788-VI,Notice of Violation,Completed,308    4TH  AVE  S  SEATTLE,,Violation of the Just Cause Evication Ordinance.,,,,,,,,,
6/12/2007,003132-07CP,Code Compliance Complaint,Completed,308    4TH  AVE  S  SEATTLE,,JR ispected the property and observed no violation.,,,,,,,,,
3/8/2007,EQP-BP-15182,Boiler Equipment Certification,Permanently Out of Service,308    4TH  AVE  S  SEATTLE,COIL WT BOILER,,,,,,,,,,
3/6/2007,6131334-BP,Boiler/Pressure Vessel Permit,Completed,308    4TH  AVE  S  SEATTLE,,INSTALL NEW BOILER,9/7/2008,,,,,,,,
12/15/2005,005154-05CP,Code Compliance Complaint,Completed,308    4TH  AVE  S  SEATTLE,,,,,,,,,,,
6/21/2005,002896-05CP,Code Compliance Complaint,Completed,308    4TH  AVE  S  SEATTLE,,,,,,,,,,,
5/13/2005,6057805-EL,Electrical Permit: Over the Counter,Completed,308    4TH  AVE  S  SEATTLE,,REPLACE EXIT SIGNS WITH NEW LED SIGNS,5/25/2006,,,,,,,,
9/17/2004,1003449-VI,Notice of Violation,Completed,308    4TH  AVE  S  SEATTLE,,"Tenant requires that mgr enters only w/SPD or two witnesses.  Observed: inspection w/inspctr Lyle:  sleeping room with bathroom, walls grease covered, dirty, tobacco stained in sleeping room; small 1/2 size refrigerator frozen over w/ill-fitting door; sink cabinet broken and peeling paint and base; bathroom, dirty,tub enclosure stained and unsanitary; floor tile cracked and separating from walls and tub.  Living room carpet, old, dirty, pest infested with roaches, gnats and flies.",,,,,,,,,
9/3/2004,003948-04CP,Code Compliance Complaint,Completed,308    4TH  AVE  S  SEATTLE,,"Tenant requires that mgr enters only w/SPD or two witnesses.  Observed: inspection w/inspctr Lyle:  sleeping room with bathroom, walls grease covered, dirty, tobacco stained in sleeping room; small 1/2 size refrigerator frozen over w/ill-fitting door; sink cabinet broken and peeling paint and base; bathroom, dirty,tub enclosure stained and unsanitary; floor tile cracked and separating from walls and tub.  Living room carpet, old, dirty, pest infested with roaches, gnats and flies.",,,,,,,,,
2/21/2002,EQP-BP-10523,Boiler Equipment Certification,Permanently Out of Service,308    4TH  AVE  S  SEATTLE,COIL WT BOILER,,,,,,,,,,
,,,,,,,,,,,,,,,
,,,,,,,,,,,,,,,
,,,,,,,,,,,,,,,
,CODE COMPLAINTS,147,,,,,,,,,,,,,
,NOV'S,22,,,,,,,,,,,,,