address_norm,example_raw_address,DISTRICT,elevator_complaint_count,first_elevator_complaint_date,last_elevator_complaint_date,sfd_elevator_rescue_count,first_rescue_date,last_rescue_date,sfd_rescue_at_address_flag,conveyance_active_record_count,conveyance_active_flag,conveyance_active_record_numbers,conveyance_active_record_types,conveyance_active_property_project_names,conveyance_active_statuses,conveyance_active_first_created_date,conveyance_active_last_created_date,conveyance_no_cert_record_count,conveyance_no_cert_flag,conveyance_no_cert_record_numbers,conveyance_no_cert_record_types,conveyance_no_cert_property_project_names,conveyance_no_cert_statuses,conveyance_no_cert_first_created_date,conveyance_no_cert_last_created_date,has_both_complaint_and_rescue_flag,days_first_complaint_to_first_rescue
607 3RD AVE,607 3RD AVE,1.0,1,2024-06-24,2024-06-24,72,2021-02-22,2025-12-03,True,1,True,EQP-CY-03742,Conveyance Equipment Certification,"2-P - Cabled Elevator, City # 638",Active,1990-07-17,1990-07-17,0,False,,,,,,,True,-1218.0
223 YESLER WAY,223 YESLER WAY,1.0,9,2015-10-29,2024-07-24,27,2020-07-25,2026-01-20,True,2,True,EQP-CY-01431 | EQP-CY-01430,Conveyance Equipment Certification,"2-P - Cabled Elevator, City # 3434 | 1-P - Cabled Elevator, City # 3433",Active,1989-08-17,1989-08-17,0,False,,,,,,,True,1731.0
4545 42ND AVE SW,4545 42ND AVE SW,1.0,9,2015-12-18,2023-07-27,21,2021-05-12,2025-12-24,True,2,True,EQP-CY-02705 | EQP-CY-02704,Conveyance Equipment Certification,"2-P - Cabled Elevator, City # 4381 | 1-P - Cabled Elevator, City # 3894",Active,1990-01-31,1990-01-31,0,False,,,,,,,True,1972.0
80 S MAIN ST,80 S MAIN ST,1.0,2,2024-02-19,2024-09-10,13,2019-12-14,2023-05-04,True,1,True,EQP-CY-08464,Conveyance Equipment Certification,"1-P - Cabled Elevator, City # 11750",Active,2016-05-25,2016-05-25,0,False,,,,,,,True,-1528.0
204 3RD AVE S,204 3RD AVE S,1.0,1,2018-10-04,2018-10-04,13,2021-03-09,2025-12-13,True,1,True,EQP-CY-04642,Conveyance Equipment Certification,"1-P - Hydraulic Elevator, City # 6407",Active,1994-04-21,1994-04-21,0,False,,,,,,,True,887.0
6420 CALIFORNIA AVE SW,6420 CALIFORNIA AVE SW,1.0,2,2025-11-28,2025-12-02,12,2021-08-03,2025-11-22,True,2,True,EQP-CY-03267 | EQP-CY-03266,Conveyance Equipment Certification,"2-P - Cabled Elevator, City # 3109 | 1-P - Cabled Elevator, City # 3108",Active,1990-04-05,1990-04-05,0,False,,,,,,,True,-1578.0
6520 35TH AVE SW,6520 35TH AVE SW,1.0,4,2018-05-22,2024-02-07,9,2021-02-21,2025-10-28,True,1,True,EQP-CY-01478,Conveyance Equipment Certification,"1-P - Hydraulic Elevator, City # 3731",Active,1989-09-04,1989-09-04,0,False,,,,,,,True,1006.0
107 CHERRY ST,107 CHERRY ST,1.0,4,2017-10-17,2023-04-15,8,2020-09-21,2023-05-09,True,2,True,EQP-CY-00370 | EQP-CY-00369,Conveyance Equipment Certification,"2-P - Cabled Elevator, City # 894 | 1-P - Cabled Elevator, City # 893",Active,1989-02-24,1989-02-24,0,False,,,,,,,True,1070.0
9000 20TH AVE SW,9000 20TH AVE SW,1.0,3,2017-02-06,2017-03-01,7,2021-12-08,2025-10-17,True,0,False,,,,,,,1,True,EQP-CY-00879,Conveyance Equipment Certification,"1-P - Hydraulic Elevator, City # 3059",Operating Without Certificate,1989-06-14,1989-06-14,True,1766.0
212 ALASKAN WAY S,212 ALASKAN WAY S,1.0,4,2022-09-03,2024-12-24,6,2022-06-17,2023-05-16,True,0,False,,,,,,,2,True,EQP-CY-06214 | EQP-CY-06213,Conveyance Equipment Certification,"Accessibility Lift (vertical included), City # 8444 | 1P - Hydraulic Elevator, City # 8441",Operating Without Certificate,2004-05-12,2004-05-12,True,-78.0
115 PREFONTAINE PL S,115 PREFONTAINE PL S,1.0,1,2017-07-21,2017-07-21,6,2020-04-16,2025-10-15,True,1,True,EQP-CY-06266,Conveyance Equipment Certification,"1 - Cabled Elevator, City # 8299",Active,2004-06-17,2004-06-17,0,False,,,,,,,True,1000.0
3421 SW ROXBURY ST,3421 SW ROXBURY ST,1.0,1,2022-07-29,2022-07-29,5,2022-03-10,2024-09-26,True,1,True,EQP-CY-03435,Conveyance Equipment Certification,"P - Hydraulic Elevator, City # 4207",Active,1990-05-10,1990-05-10,0,False,,,,,,,True,-141.0
4550 42ND AVE SW,4550 42nd AVE SW,1.0,1,2025-09-09,2025-09-09,5,2021-06-11,2025-12-20,True,0,False,,,,,,,0,False,,,,,,,True,-1551.0
4710 40TH AVE SW,4710 40TH AVE SW,1.0,1,2024-11-13,2024-11-13,5,2020-10-08,2025-05-11,True,0,False,,,,,,,0,False,,,,,,,True,-1497.0
9200 2ND AVE SW,9200 2ND AVE SW,1.0,5,2017-09-29,2025-04-18,4,2021-10-17,2024-11-19,True,3,True,EQP-CY-07279 | EQP-CY-07231 | EQP-CY-07224,Conveyance Equipment Certification,"C - Hydraulic Elevator, City # 9752 | D - Hydraulic Elevator, City # 9743 | B - Hydraulic Elevator, City # 9634",Active,2009-12-09,2010-01-13,2,True,EQP-CY-07226 | EQP-CY-07225,Conveyance Equipment Certification,"2A - Hydraulic Elevator, City # 9659 | 1A - Hydraulic Elevator, City # 9658",Operating Without Certificate,2009-12-09,2009-12-09,True,1479.0
4511 35TH AVE SW,4511 35TH AVE SW,1.0,2,2025-11-06,2025-11-19,4,2021-10-09,2025-12-26,True,0,False,,,,,,,1,True,EQP-CY-00677,Conveyance Equipment Certification,"1-P - Hydraulic Elevator, City # 2697",Operating Without Certificate,1989-04-06,1989-04-06,True,-1489.0
4540 42ND AVE SW,4540 42ND AVE SW,1.0,2,2019-06-28,2023-07-18,4,2021-05-13,2025-03-06,True,0,False,,,,,,,0,False,,,,,,,True,685.0
4850 CALIFORNIA AVE SW,4850 CALIFORNIA AVE SW,1.0,2,2025-11-14,2025-11-17,4,2022-05-22,2025-03-18,True,1,True,EQP-CY-01085,Conveyance Equipment Certification,"1-P - Hydraulic Elevator, City # 5589",Active,1989-06-27,1989-06-27,0,False,,,,,,,True,-1272.0
3100 AIRPORT WAY S,3100 AIRPORT WAY S,1.0,1,2019-07-30,2019-07-30,4,2022-01-15,2024-07-28,True,0,False,,,,,,,3,True,EQP-CY-06858 | EQP-CY-02317 | EQP-CY-02316,Conveyance Equipment Certification,"1-P - Cabled Elevator, City # 8747 | 4-P - Cabled Elevator, City # 2382 | 3-F - Cabled Elevator, City # 1237",Operating Without Certificate,1989-12-04,2008-06-10,True,900.0
4611 35TH AVE SW,4611 35th AVE SW,1.0,1,2025-12-14,2025-12-14,4,2023-05-22,2026-01-24,True,2,True,EQP-CY-06179 | EQP-CY-06178,Conveyance Equipment Certification,"2 - Hydraulic Elevator, City # 8077 | 1 - Hydraulic Elevator, City # 8076",Active,2003-10-21,2003-10-21,0,False,,,,,,,True,-937.0
913 S JACKSON ST,913 S JACKSON ST,2.0,1,2024-11-19,2024-11-19,142,2020-02-10,2025-06-21,True,0,False,,,,,,,2,True,EQP-CY-09790 | EQP-CY-09789,Conveyance Equipment Certification,"2-P - Cabled Elevator, City # 12644 | 1-P - Cabled Elevator, City # 12643",Operating Without Certificate,2019-04-26,2019-04-26,True,-1744.0
308 4TH AVE S,308 4TH AVE S,2.0,11,2019-02-16,2023-08-14,52,2021-03-07,2025-08-12,True,1,True,EQP-CY-03939,Conveyance Equipment Certification,"1-P - Cabled Elevator, City # 2835",Active,1990-08-20,1990-08-20,3,True,EQP-CY-07794 | EQP-CY-03941 | EQP-CY-03940,Conveyance Equipment Certification,"1-HL - Accessibility Lift (vertical included), City # 11161 | 3-F - Cabled Elevator, City # 2634 | 2-P - Cabled Elevator, City # 2836",Operating Without Certificate,1990-08-20,2013-08-09,True,750.0
1911 22ND AVE S,1911 22ND AVE S,2.0,2,2025-02-11,2025-04-16,50,2022-03-09,2026-01-22,True,1,True,EQP-CY-10174,Conveyance Equipment Certification,"2-P - Cabled Elevator, City # 13420",Active,2020-10-14,2020-10-14,3,True,EQP-CY-10489 | EQP-CY-10488 | EQP-CY-10173,Conveyance Equipment Certification,"4-P - Cabled Elevator, City # 13666 | 3-P - Cabled Elevator, City # 13665 | 1-P - Cabled Elevator, City # 13419",Operating Without Certificate,2020-10-14,2022-06-30,True,-1070.0
415 10TH AVE,415 10th AVE,2.0,3,2022-08-25,2025-12-24,39,2021-03-05,2026-01-01,True,0,False,,,,,,,0,False,,,,,,,True,-538.0
3642 33RD AVE S,3642 33RD AVE S,2.0,6,2015-02-18,2025-12-29,33,2021-06-22,2025-11-17,True,0,False,,,,,,,0,False,,,,,,,True,2316.0
9400 RAINIER AVE S,9400 Rainier AVE S,2.0,4,2025-05-11,2025-08-03,25,2022-05-03,2025-12-02,True,1,True,EQP-CY-10506,Conveyance Equipment Certification,"2 - Cabled Elevator, City # 13616",Active,2022-07-13,2022-07-13,1,True,EQP-CY-10505,Conveyance Equipment Certification,"1 - Cabled Elevator, City # 13615",Operating Without Certificate,2022-07-13,2022-07-13,True,-1104.0
3621 33RD AVE S,3621 33RD AVE S,2.0,19,2019-08-21,2025-01-28,21,2022-08-08,2025-12-28,True,1,True,EQP-CY-06322,Conveyance Equipment Certification,"2 - Hydraulic Elevator, City # 8455",Active,2004-12-14,2004-12-14,1,True,EQP-CY-06321,Conveyance Equipment Certification,"1 - Hydraulic Elevator, City # 8454",Operating Without Certificate,2004-12-14,2004-12-14,True,1083.0
209 12TH AVE S,209 12TH AVE S,2.0,2,2025-10-16,2025-10-30,21,2022-08-01,2026-01-01,True,4,True,EQP-CY-10472 | EQP-CY-10471 | EQP-CY-10470 | EQP-CY-10469,Conveyance Equipment Certification,"2B - Cabled Elevator, City # 13916 | 2A - Cabled Elevator, City # 13915 | 1B - Cabled Elevator, City # 13914 | 1A - Cabled Elevator, City # 13913",Active,2022-06-22,2022-06-22,0,False,,,,,,,True,-1172.0
404 TERRY AVE,404 TERRY AVE,2.0,1,2025-07-15,2025-07-15,19,2021-05-15,2025-05-26,True,1,True,EQP-CY-00220,Conveyance Equipment Certification,"1 - Hydraulic Elevator, City # 7339",Active,2000-08-08,2000-08-08,0,False,,,,,,,True,-1522.0
442 S MAIN ST,442 S MAIN ST,2.0,2,2018-12-21,2025-12-22,17,2020-01-17,2025-07-27,True,2,True,EQP-CY-08382 | EQP-CY-08381,Conveyance Equipment Certification,"E-2 - Cabled Elevator, City # 11765 | E-1 - Cabled Elevator, City # 11764",Active,2016-03-10,2016-03-10,0,False,,,,,,,True,392.0
3651 34TH AVE S,3651 34TH AVE S,2.0,4,2021-08-18,2024-05-14,15,2022-04-22,2025-11-20,True,3,True,EQP-CY-06417 | EQP-CY-06416 | EQP-CY-06415,Conveyance Equipment Certification,"3-DAKO - Cabled Elevator, City # 8587 | 2-DAKO - Cabled Elevator, City # 8586 | 1-DAKO - Cabled Elevator, City # 8585",Active,2005-10-19,2005-10-19,0,False,,,,,,,True,247.0
800 JEFFERSON ST,800 JEFFERSON ST,2.0,5,2016-04-26,2021-10-31,14,2020-01-27,2026-01-17,True,2,True,EQP-CY-02338 | EQP-CY-02337,Conveyance Equipment Certification,"2-P - Cabled Elevator, City # 2949 | 1-P - Cabled Elevator, City # 2948",Active,1989-12-04,1989-12-04,1,True,EQP-CY-07530,Conveyance Equipment Certification,"3 - Hydraulic Elevator, City # 10197",Operating Without Certificate,2011-10-05,2011-10-05,True,1371.0
3501 RAINIER AVE S,3501 RAINIER AVE S,2.0,1,2021-07-26,2021-07-26,14,2021-03-28,2025-11-26,True,0,False,,,,,,,2,True,EQP-CY-08985 | EQP-CY-08984,Conveyance Equipment Certification,"N - Cabled Elevator, City # 12391 | S - Cabled Elevator, City # 12392",Operating Without Certificate,2018-03-28,2018-03-28,True,-120.0
6901 M L KING JR WAY S,6901 M L KING JR WAY S,2.0,6,2024-01-10,2024-07-17,9,2022-06-04,2023-07-04,True,0,False,,,,,,,2,True,EQP-CY-10413 | EQP-CY-10412,Conveyance Equipment Certification,"2-P - Cabled Elevator, City # 13970 | 1-P - Cabled Elevator, City # 13969",Operating Without Certificate,2022-03-16,2022-03-16,True,-585.0
705 S WELLER ST,705 S WELLER ST,2.0,8,2020-12-25,2024-08-30,8,2021-09-21,2023-07-31,True,1,True,EQP-CY-06531,Conveyance Equipment Certification,"1 - Hydraulic Elevator, City # 8814",Active,2006-09-22,2006-09-22,0,False,,,,,,,True,270.0
6940 M L KING JR WAY S,6940 M L KING JR WAY S,2.0,1,2019-12-05,2019-12-05,7,2020-02-01,2022-05-26,True,2,True,EQP-CY-08691 | EQP-CY-08687,Conveyance Equipment Certification,"A - Hydraulic Elevator, City # 12064 | B - Hydraulic Elevator, City # 12063",Active,2017-03-30,2017-04-04,0,False,,,,,,,True,58.0
7700 RAINIER AVE S,7700 RAINIER AVE S,2.0,1,2024-05-02,2024-05-02,7,2022-06-20,2025-07-01,True,0,False,,,,,,,2,True,EQP-CY-07817 | EQP-CY-07816,Conveyance Equipment Certification,"2 - Hydraulic Elevator, City # 10500 | 1 - Hydraulic Elevator, City # 10499",Operating Without Certificate,2013-10-03,2013-10-03,True,-682.0
2121 26TH AVE S,2121 26TH AVE S,2.0,2,2020-05-01,2020-12-14,6,2021-12-25,2025-07-28,True,3,True,EQP-CY-00123 | EQP-CY-00122 | EQP-CY-00121,Conveyance Equipment Certification,"3-P - Hydraulic Elevator, City # 3559 | 2-P - Cabled Elevator, City # 3182 | 1-P - Cabled Elevator, City # 3181",Active,1989-01-11,1989-01-11,0,False,,,,,,,True,603.0
171 12TH AVE,171 12TH AVE,2.0,1,2025-12-08,2025-12-08,6,2023-05-23,2025-08-27,True,0,False,,,,,,,3,True,EQP-CY-10499 | EQP-CY-10498 | EQP-CY-10497,Conveyance Equipment Certification,"3 - Hydraulic Elevator, City # 14044 | 2 - Cabled Elevator, City # 14017 | 1 - Cabled Elevator, City # 14016",Operating Without Certificate,2022-06-30,2022-06-30,True,-930.0
3803 S WARSAW ST,3803 S WARSAW ST,2.0,1,2025-12-02,2025-12-02,6,2025-08-19,2026-01-23,True,1,True,EQP-CY-11103,Conveyance Equipment Certification,"1-P - Cabled Elevator, City # 14901",Active,2025-04-17,2025-04-17,0,False,,,,,,,True,-105.0
523 BROADWAY E,523 BROADWAY E,3.0,2,2019-11-01,2023-07-25,22,2020-10-28,2026-01-13,True,6,True,EQP-CY-07351 | EQP-CY-07350 | EQP-CY-07349 | EQP-CY-07348 | EQP-CY-07347 | EQP-CY-07346,Conveyance Equipment Certification,"4-P - Cabled Elevator, City # 9817 | 3-P - Cabled Elevator, City # 9816 | 2-P - Cabled Elevator, City # 9815 | 1-P - Cabled Elevator, City # 9814 | 6-P - Hydraulic Elevator, City # 9755 | 5-P - Hydraulic Elevator, City # 9754",Active,2010-05-18,2010-05-18,0,False,,,,,,,True,362.0
1400 MADISON ST,1400 Madison ST,3.0,9,2024-02-23,2025-05-21,18,2023-08-14,2025-11-28,True,5,True,EQP-CY-10918 | EQP-CY-10917 | EQP-CY-10916 | EQP-CY-10915 | EQP-CY-10914,Conveyance Equipment Certification,"5-P - Hydraulic Elevator, City # 14300 | 4-P - Cabled Elevator, City # 14176 | 3-P - Cabled Elevator, City # 14175 | 2-P - Cabled Elevator, City # 14054 | 1-P - Cabled Elevator, City # 14053",Active,2024-05-16,2024-05-16,0,False,,,,,,,True,-193.0
1629 HARVARD AVE,1629 HARVARD AVE,3.0,4,2023-06-24,2023-09-20,16,2022-02-14,2024-07-21,True,1,True,EQP-CY-01650,Conveyance Equipment Certification,"1-P - Cabled Elevator, City # 618",Active,1989-09-14,1989-09-14,0,False,,,,,,,True,-495.0
903 UNION ST,903 UNION ST,3.0,7,2017-10-05,2025-05-04,11,2021-01-22,2025-06-13,True,2,True,EQP-CY-03084 | EQP-CY-03083,Conveyance Equipment Certification,"2-P - Cabled Elevator, City # 1762 | 1-P - Cabled Elevator, City # 1761",Active,1990-03-05,1990-03-05,0,False,,,,,,,True,1205.0
600 E HOWELL ST,600 E HOWELL ST,3.0,3,2023-11-07,2024-02-02,11,2021-06-20,2025-01-21,True,0,False,,,,,,,0,False,,,,,,,True,-870.0
1420 TERRY AVE,1420 TERRY AVE,3.0,7,2023-11-02,2023-12-04,10,2022-10-20,2025-07-05,True,2,True,EQP-CY-00009 | EQP-CY-00008,Conveyance Equipment Certification,"2 - Cabled Elevator, City # 7943 | 1 - Cabled Elevator, City # 7942",Active,2002-12-17,2002-12-17,0,False,,,,,,,True,-378.0
1819 23RD AVE,1819 23RD AVE,3.0,4,2024-01-24,2024-02-12,10,2021-10-05,2026-01-20,True,5,True,EQP-CY-06335 | EQP-CY-06334 | EQP-CY-06333 | EQP-CY-06332 | EQP-CY-06331,Conveyance Equipment Certification,"5 - Cabled Elevator, City # 8479 | 4 - Cabled Elevator, City # 8478 | 3 - Cabled Elevator, City # 8477 | 2 - Cabled Elevator, City # 8476 | 1 - Cabled Elevator, City # 8475",Active,2004-12-21,2004-12-21,1,True,EQP-CY-06367,Conveyance Equipment Certification,"HL - Accessibility Lift (vertical included), City # 8527",Operating Without Certificate,2005-04-08,2005-04-08,True,-841.0
1406 E REPUBLICAN ST,1406 E REPUBLICAN ST,3.0,1,2022-05-23,2022-05-23,9,2020-05-24,2022-06-25,True,0,False,,,,,,,1,True,EQP-CY-08084,Conveyance Equipment Certification,"1P - Cabled Elevator, City # 11414",Operating Without Certificate,2014-11-26,2014-11-26,True,-729.0
843 HIAWATHA PL S,843 HIAWATHA PL S,3.0,18,2024-10-23,2025-12-09,8,2025-03-05,2026-01-14,True,1,True,EQP-CY-06808,Conveyance Equipment Certification,"1-P - Cabled Elevator, City # 9350",Active,2008-03-18,2008-03-18,0,False,,,,,,,True,133.0
420 BOYLSTON AVE E,420 BOYLSTON AVE E,3.0,1,2024-08-07,2024-08-07,8,2022-01-26,2024-06-30,True,1,True,EQP-CY-10368,Conveyance Equipment Certification,"1-P - Cabled Elevator, City # 14006",Active,2021-12-06,2021-12-06,0,False,,,,,,,True,-924.0
120 10TH AVE E,120 10TH AVE E,3.0,3,2024-10-28,2025-10-26,7,2021-09-26,2025-07-23,True,1,True,EQP-CY-08965,Conveyance Equipment Certification,"1-P - Cabled Elevator, City # 12331",Active,2018-03-14,2018-03-14,0,False,,,,,,,True,-1128.0
1215 SENECA ST,1215 SENECA ST,3.0,1,2023-05-15,2023-05-15,7,2022-09-30,2025-11-08,True,0,False,,,,,,,2,True,EQP-CY-03331 | EQP-CY-03330,Conveyance Equipment Certification,"2-P - Hydraulic Elevator, City # 5283 | 1-P - Cabled Elevator, City # 2770",Operating Without Certificate,1990-04-05,1990-04-05,True,-227.0
1610 16TH AVE,1610 16TH AVE,3.0,1,2016-06-17,2016-06-17,7,2021-04-02,2024-09-25,True,0,False,,,,,,,0,False,,,,,,,True,1750.0
2212 S JACKSON ST,2212 S JACKSON ST,3.0,1,2025-04-22,2025-04-22,7,2020-07-02,2026-01-18,True,1,True,EQP-CY-10141,Conveyance Equipment Certification,"2 - Cabled Elevator, City # 13315",Active,2020-06-26,2020-06-26,1,True,EQP-CY-10140,Conveyance Equipment Certification,"1 - Cabled Elevator, City # 13314",Operating Without Certificate,2020-06-26,2020-06-26,True,-1755.0
1718 MELROSE AVE,1718 MELROSE AVE,3.0,6,2024-08-14,2025-06-29,6,2021-12-24,2025-01-09,True,1,True,EQP-CY-01527,Conveyance Equipment Certification,"1-P - Hydraulic Elevator, City # 5511",Active,1989-09-04,1989-09-04,0,False,,,,,,,True,-964.0
1414 10TH AVE,1414 10TH AVE,3.0,2,2023-10-02,2023-11-17,6,2021-08-08,2025-10-26,True,4,True,EQP-CY-08235 | EQP-CY-08234 | EQP-CY-08233 | EQP-CY-08232,Conveyance Equipment Certification,"4P - Cabled Elevator, City # 11394 | 3P - Cabled Elevator, City # 11393 | 2P - Cabled Elevator, City # 11392 | 1P - Cabled Elevator, City # 11391",Active,2015-07-17,2015-07-17,0,False,,,,,,,True,-785.0
707 TERRY AVE,707 Terry AVE,3.0,2,2024-10-17,2025-12-13,6,2024-08-10,2026-01-01,True,7,True,EQP-CY-11194 | EQP-CY-11193 | EQP-CY-11192 | EQP-CY-11191 | EQP-CY-11190 | EQP-CY-11188 | EQP-CY-11186,Conveyance Equipment Certification,"L - Cabled Elevator, City # 13949 | K - Cabled Elevator, City # 13948 | G - Cabled Elevator, City # 13404 | F - Cabled Elevator, City # 13403 | E - Cabled Elevator, City # 13402 | C - Cabled Elevator, City # 13400 | A - Cabled Elevator, City # 13398",Active,2025-12-10,2025-12-10,0,False,,,,,,,True,-68.0
1106 PIKE ST,1106 Pike ST,3.0,1,2024-01-18,2024-01-18,6,2023-07-21,2025-02-01,True,1,True,EQP-CY-05399,Conveyance Equipment Certification,"1 - Hydraulic Elevator, City # 7286",Active,1999-11-15,1999-11-15,0,False,,,,,,,True,-181.0
1717 22ND AVE,1717 22ND AVE,3.0,1,2023-07-08,2023-07-08,6,2021-07-04,2025-06-18,True,1,True,EQP-CY-08519,Conveyance Equipment Certification,"2-P - Cabled Elevator, City # 11830",Active,2016-08-17,2016-08-17,1,True,EQP-CY-08520,Conveyance Equipment Certification,"1-P - Cabled Elevator, City # 11829",Operating Without Certificate,2016-08-17,2016-08-17,True,-734.0
418 E LORETTA PL,418 E LORETTA PL,3.0,11,2015-04-10,2025-03-10,5,2020-08-08,2024-08-02,True,0,False,,,,,,,2,True,EQP-CY-03298 | EQP-CY-03297,Conveyance Equipment Certification,"2 - Cabled Elevator, City # 1228 | 1 - Cabled Elevator, City # 1227",Operating Without Certificate,1990-04-05,1990-04-05,True,1947.0
4515 BROOKLYN AVE NE,4515 BROOKLYN AVE NE,4.0,1,2023-11-07,2023-11-07,23,2023-06-01,2025-11-25,True,0,False,,,,,,,3,True,EQP-CY-10641 | EQP-CY-10640 | EQP-CY-10639,Conveyance Equipment Certification,"3-P - Cabled Elevator, City # 14058 | 2-P - Cabled Elevator, City # 14057 | 1-P - Cabled Elevator, City # 14056",Operating Without Certificate,2023-01-31,2023-01-31,True,-159.0
4717 BROOKLYN AVE NE,4717 BROOKLYN AVE NE,4.0,2,2024-04-11,2024-06-07,18,2021-06-09,2025-10-30,True,2,True,EQP-CY-08279 | EQP-CY-08278,Conveyance Equipment Certification,"2-P - Cabled Elevator, City # 11642 | 1-P - Cabled Elevator, City # 11641",Active,2015-09-21,2015-09-21,0,False,,,,,,,True,-1037.0
4126 12TH AVE NE,4126 12TH AVE NE,4.0,1,2024-11-19,2024-11-19,18,2022-11-04,2025-12-18,True,3,True,EQP-CY-10602 | EQP-CY-10601 | EQP-CY-10600,Conveyance Equipment Certification,"3P - Cabled Elevator, City # 13987 | 2-P - Cabled Elevator, City # 13986 | 1P - Cabled Elevator, City # 13985",Active,2023-01-13,2023-01-13,0,False,,,,,,,True,-746.0
4233 7TH AVE NE,4233 7th AVE NE,4.0,3,2019-08-16,2022-04-29,17,2021-04-09,2025-09-26,True,1,True,EQP-CY-03604,Conveyance Equipment Certification,"1-P - Hydraulic Elevator, City # 4659",Active,1990-05-11,1990-05-11,0,False,,,,,,,True,602.0
6620 ROOSEVELT WAY NE,6620 ROOSEVELT WAY NE,4.0,2,2023-04-08,2025-10-01,15,2022-10-16,2025-11-29,True,6,True,EQP-CY-10608 | EQP-CY-10607 | EQP-CY-10606 | EQP-CY-10605 | EQP-CY-10604 | EQP-CY-10603,Conveyance Equipment Certification,"6P - Hydraulic Elevator, City # 14003 | 5-P - Hydraulic Elevator, City # 14002 | 4P - Cabled Elevator, City # 14001 | 3P - Cabled Elevator, City # 14000 | 2P - Cabled Elevator, City # 13999 | 1P - Cabled Elevator, City # 13998",Active,2023-01-13,2023-01-13,0,False,,,,,,,True,-174.0
4750 ROOSEVELT WAY NE,4750 Roosevelt WAY NE,4.0,1,2023-08-16,2023-08-16,14,2020-07-14,2025-10-31,True,0,False,,,,,,,1,True,EQP-CY-08705,Conveyance Equipment Certification,"1 - Cabled Elevator, City # 11823",Operating Without Certificate,2017-04-20,2017-04-20,True,-1128.0
4737 ROOSEVELT WAY NE,4737 ROOSEVELT WAY NE,4.0,1,2017-02-13,2017-02-13,13,2020-07-31,2025-08-04,True,0,False,,,,,,,1,True,EQP-CY-08528,Conveyance Equipment Certification,"1-P - Cabled Elevator, City # 11883",Operating Without Certificate,2016-08-23,2016-08-23,True,1264.0
1100 NE 47TH ST,1100 NE 47TH ST,4.0,1,2017-07-13,2017-07-13,12,2020-01-26,2025-11-02,True,0,False,,,,,,,1,True,EQP-CY-05881,Conveyance Equipment Certification,"1 - Hydraulic Elevator, City # 7564",Operating Without Certificate,2001-10-09,2001-10-09,True,927.0
3716 NE 75TH ST,3716 NE 75TH ST,4.0,1,2025-04-07,2025-04-07,8,2020-01-25,2025-08-28,True,2,True,EQP-CY-02997 | EQP-CY-02995,Conveyance Equipment Certification,"BLDG C - Hydraulic Elevator, City # 4338 | BLDG B - Hydraulic Elevator, City # 4336",Active,1990-03-02,1990-03-02,1,True,EQP-CY-02996,Conveyance Equipment Certification,"BLDG A - Hydraulic Elevator, City # 4337",Operating Without Certificate,1990-03-02,1990-03-02,True,-1899.0
4730 UNIVERSITY WAY NE,4730 UNIVERSITY WAY NE,4.0,1,2023-06-14,2023-06-14,7,2020-07-27,2025-10-31,True,1,True,EQP-CY-06822,Conveyance Equipment Certification,"2-P - Cabled Elevator, City # 9307",Active,2008-04-22,2008-04-22,1,True,EQP-CY-06821,Conveyance Equipment Certification,"1-P - Cabled Elevator, City # 9306",Operating Without Certificate,2008-04-22,2008-04-22,True,-1052.0
4700 12TH AVE NE,4700 12TH AVE NE,4.0,4,2023-08-17,2024-03-26,6,2022-06-01,2024-11-11,True,2,True,EQP-CY-01594 | EQP-CY-01593,Conveyance Equipment Certification,"1-P - Cabled Elevator, City # 3443 | 2-P - Cabled Elevator, City # 3442",Active,1989-09-13,1989-09-13,0,False,,,,,,,True,-442.0
2401 NE BLAKELEY ST,2401 NE BLAKELEY ST,4.0,2,2018-03-07,2018-03-14,6,2021-02-14,2026-01-08,True,2,True,EQP-CY-03011 | EQP-CY-03010,Conveyance Equipment Certification,"#2-P - Hydraulic Elevator, City # 4787 | #1-P - Hydraulic Elevator, City # 4786",Active,1990-03-05,1990-03-05,0,False,,,,,,,True,1075.0
3801 STONE WAY N,3801 STONE WAY N,4.0,1,2019-12-05,2019-12-05,6,2019-12-28,2025-03-01,True,4,True,EQP-CY-08469 | EQP-CY-08468 | EQP-CY-08467 | EQP-CY-08466,Conveyance Equipment Certification,"4 - Cabled Elevator, City # 11654 | 3 - Cabled Elevator, City # 11653 | 2 - Cabled Elevator, City # 11652 | 1 - Cabled Elevator, City # 11651",Active,2016-05-25,2016-05-25,0,False,,,,,,,True,23.0
4710 UNIVERSITY WAY NE,4710 UNIVERSITY WAY NE,4.0,6,2024-01-08,2024-08-27,4,2022-03-03,2024-08-09,True,1,True,EQP-CY-03088,Conveyance Equipment Certification,"3-F - Cabled Elevator, City # 1655",Active,1990-03-05,1990-03-05,0,False,,,,,,,True,-676.0
4220 12TH AVE NE,4220 12TH AVE NE,4.0,2,2024-09-26,2024-09-30,4,2025-05-18,2025-10-18,True,0,False,,,,,,,6,True,EQP-CY-10790 | EQP-CY-10789 | EQP-CY-10788 | EQP-CY-10787 | EQP-CY-10786 | EQP-CY-10785,Conveyance Equipment Certification,"S3 - Cabled Elevator, City # 14347 | S2 - Cabled Elevator, City # 14346 | S1 - Cabled Elevator, City # 14345 | N3 - Cabled Elevator, City # 14350 | N2 - Cabled Elevator, City # 14349 | N1 - Cabled Elevator, City # 14348",Operating Without Certificate,2023-10-17,2023-10-17,True,234.0
1305 NE 43RD ST,1305 NE 43RD ST,4.0,18,2019-02-21,2024-12-11,3,2020-10-18,2024-05-18,True,2,True,EQP-CY-02979 | EQP-CY-02978,Conveyance Equipment Certification,"P-2 - Cabled Elevator, City # 627 | P-1 - Cabled Elevator, City # 626",Active,1990-03-02,1990-03-02,0,False,,,,,,,True,605.0
3635 WOODLAND PARK AVE N,3635 WOODLAND PARK AVE N,4.0,1,2020-06-19,2020-06-19,3,2021-12-30,2024-08-31,True,1,True,EQP-CY-08033,Conveyance Equipment Certification,"1 - Cabled Elevator, City # 11305",Active,2014-09-12,2014-09-12,1,True,EQP-CY-08034,Conveyance Equipment Certification,"2 - Cabled Elevator, City # 11306",Operating Without Certificate,2014-09-12,2014-09-12,True,559.0
8606 35TH AVE NE,8606 35TH AVE NE,4.0,3,2015-08-12,2023-11-03,2,2023-10-29,2024-01-08,True,1,True,EQP-CY-07601,Conveyance Equipment Certification,"1-P - Cabled Elevator, City # 10275",Active,2012-06-18,2012-06-18,0,False,,,,,,,True,3000.0
4106 12TH AVE NE,4106 12TH AVE NE,4.0,2,2024-06-05,2025-02-24,2,2022-09-03,2023-09-15,True,0,False,,,,,,,1,True,EQP-CY-08071,Conveyance Equipment Certification,"1 - Cabled Elevator, City # 11365",Operating Without Certificate,2014-10-10,2014-10-10,True,-641.0
6545 RAVENNA AVE NE,6545 RAVENNA AVE NE,4.0,2,2020-02-24,2021-09-30,2,2021-12-16,2021-12-19,True,0,False,,,,,,,1,True,EQP-CY-01251,Conveyance Equipment Certification,"1-P - Hydraulic Elevator, City # 5042",Operating Without Certificate,1989-07-18,1989-07-18,True,661.0
302 NE NORTHGATE WAY,302 NE NORTHGATE WAY,5.0,1,2021-03-12,2021-03-12,61,2020-02-06,2026-01-24,True,6,True,EQP-CY-05631 | EQP-CY-05630 | EQP-CY-05629 | EQP-CY-05628 | EQP-CY-05607 | EQP-CY-05605,Conveyance Equipment Certification,"2-P - Roped Hydraulic Elevator, City # 7587 | 1-P - Roped Hydraulic Elevator, City # 7586 | 5-UP - Escalator, City # 297 | 6-DOWN - Escalator, City # 296 | 4-F - Roped Hydraulic Elevator, City # 7408 | 3-F - Roped Hydraulic Elevator, City # 7407",Active,2000-12-19,2000-12-26,0,False,,,,,,,True,-400.0
916 N 143RD ST,916 N 143RD ST,5.0,1,2025-06-22,2025-06-22,40,2023-11-17,2025-12-28,True,2,True,EQP-CY-10794 | EQP-CY-10793,Conveyance Equipment Certification,"2-P - Cabled Elevator, City # 14472 | 1-P - Cabled Elevator, City # 14471",Active,2023-11-09,2023-11-09,0,False,,,,,,,True,-583.0
937 N 96TH ST,937 N 96th ST,5.0,4,2021-11-19,2025-04-23,35,2020-06-05,2025-10-25,True,2,True,EQP-CY-09787 | EQP-CY-09786,Conveyance Equipment Certification,"2-P - Cabled Elevator, City # 12686 | 1-P - Cabled Elevator, City # 12685",Active,2019-04-26,2019-04-26,0,False,,,,,,,True,-532.0
924 N 143RD ST,924 N 143RD ST,5.0,3,2025-01-15,2025-02-25,18,2022-12-26,2026-01-29,True,2,True,EQP-CY-10529 | EQP-CY-10528,Conveyance Equipment Certification,"2P - Cabled Elevator, City # 14099 | 1P - Cabled Elevator, City # 14098",Active,2022-10-18,2022-10-18,0,False,,,,,,,True,-751.0
14115 AURORA AVE N,14115 AURORA AVE N,5.0,1,2025-03-31,2025-03-31,17,2021-12-17,2025-05-26,True,2,True,EQP-CY-05897 | EQP-CY-00073,Conveyance Equipment Certification,"1P - Hydraulic Elevator, City # 7698 | 2P - Hydraulic Elevator, City # 7699",Active,2001-10-25,2001-10-25,0,False,,,,,,,True,-1200.0
14100 LINDEN AVE N,14100 LINDEN AVE N,5.0,4,2017-12-01,2023-11-29,15,2021-06-13,2026-01-30,True,0,False,,,,,,,0,False,,,,,,,True,1290.0
3300 NE 125TH ST,3300 NE 125TH ST,5.0,12,2023-01-23,2025-10-10,10,2022-03-12,2025-02-15,True,0,False,,,,,,,2,True,EQP-CY-10390 | EQP-CY-10389,Conveyance Equipment Certification,"2P - Cabled Elevator, City # 13359 | 1P - Cabled Elevator, City # 13358",Operating Without Certificate,2022-03-09,2022-03-09,True,-317.0
14027 LAKE CITY WAY NE,14027 LAKE CITY WAY NE,5.0,1,2023-04-05,2023-04-05,10,2020-10-10,2025-11-26,True,7,True,EQP-CY-07959 | EQP-CY-07958 | EQP-CY-07957 | EQP-CY-07956 | EQP-CY-07955 | EQP-CY-07954 | EQP-CY-07953,Conveyance Equipment Certification,"5B - Cabled Elevator, City # 10477 | 5A - Cabled Elevator, City # 10476 | 1 - Cabled Elevator, City # 10471 | 3 - Cabled Elevator, City # 10473 | 2 - Cabled Elevator, City # 10472 | 4B - Cabled Elevator, City # 10475 | 4A - Cabled Elevator, City # 10474",Active,2014-05-22,2014-05-22,1,True,EQP-CY-07960,Conveyance Equipment Certification,"1 - Accessibility Lift (vertical included), City # 11265",Operating Without Certificate,2014-05-22,2014-05-22,True,-907.0
525 NE NORTHGATE WAY,525 NE NORTHGATE WAY,5.0,3,2022-12-18,2025-06-05,9,2020-01-14,2025-07-26,True,0,False,,,,,,,4,True,EQP-CY-08063 | EQP-CY-08062 | EQP-CY-08061 | EQP-CY-08060,Conveyance Equipment Certification,"4 - Cabled Elevator, City # 11297 | 3 - Cabled Elevator, City # 11296 | 2 - Cabled Elevator, City # 11295 | 1 - Cabled Elevator, City # 11294",Operating Without Certificate,2014-09-30,2014-09-30,True,-1069.0
2820 NE 127TH ST,2820 NE 127TH ST,5.0,9,2025-05-23,2025-07-03,8,2021-12-17,2025-05-25,True,0,False,,,,,,,0,False,,,,,,,True,-1253.0
14200 LINDEN AVE N,14200 LINDEN AVE N,5.0,3,2019-10-24,2021-05-19,7,2021-08-13,2025-07-16,True,0,False,,,,,,,5,True,EQP-CY-07206 | EQP-CY-07181 | EQP-CY-07161 | EQP-CY-07160 | EQP-CY-07159,Conveyance Equipment Certification,"5-PBD - Cabled Elevator, City # 9720 | 4-PBC - Cabled Elevator, City # 9719 | 3-PBB - Cabled Elevator, City # 9718 | 2-PBA - Cabled Elevator, City # 9717 | 1-PNW - Cabled Elevator, City # 9616",Operating Without Certificate,2009-09-14,2009-11-20,True,659.0
12748 GREENWOOD AVE N,12748 GREENWOOD AVE N,5.0,2,2025-04-15,2025-04-15,7,2022-09-21,2023-02-20,True,1,True,EQP-CY-01875,Conveyance Equipment Certification,"1-P - Hydraulic Elevator, City # 2893",Active,1989-10-27,1989-10-27,0,False,,,,,,,True,-937.0
12317 15TH AVE NE,12317 15TH AVE NE,5.0,1,2024-08-19,2024-08-19,6,2021-07-28,2025-12-15,True,0,False,,,,,,,1,True,EQP-CY-05995,Conveyance Equipment Certification,"1 - Hydraulic Elevator, City # 7970",Operating Without Certificate,2002-08-05,2002-08-05,True,-1118.0
13000 LINDEN AVE N,13000 LINDEN AVE N,5.0,8,2015-03-26,2023-10-16,5,2023-10-07,2026-01-16,True,3,True,EQP-CY-06658 | EQP-CY-06657 | EQP-CY-06656,Conveyance Equipment Certification,"3-NE - Hydraulic Elevator, City # 8834 | 2-N - Hydraulic Elevator, City # 8833 | 1-S - Hydraulic Elevator, City # 8832",Active,2007-04-02,2007-04-02,0,False,,,,,,,True,3117.0
13280 LINDEN AVE N,13280 LINDEN AVE N,5.0,2,2024-09-17,2024-10-16,5,2021-07-26,2024-11-19,True,0,False,,,,,,,2,True,EQP-CY-09022 | EQP-CY-09021,Conveyance Equipment Certification,"1-P - Cabled Elevator, City # 12394 | 2-P - Cabled Elevator, City # 12395",Operating Without Certificate,2018-04-19,2018-04-19,True,-1149.0
8610 AURORA AVE N,8610 AURORA AVE N,5.0,1,2025-07-24,2025-07-24,4,2024-02-26,2025-05-09,True,2,True,EQP-CY-10806 | EQP-CY-10805,Conveyance Equipment Certification,"1-P - Cabled Elevator, City # 14443 | 2-P - Cabled Elevator, City # 14444",Active,2023-11-28,2023-11-28,0,False,,,,,,,True,-514.0
10306 MERIDIAN AVE N,10306 MERIDIAN AVE N,5.0,2,2025-07-02,2025-07-07,3,2024-10-25,2026-01-08,True,2,True,EQP-CY-00656 | EQP-CY-00655,Conveyance Equipment Certification,"1-P - Cabled Elevator, City # 3296 | 2-P - Cabled Elevator, City # 3295",Active,1989-04-03,1989-04-03,0,False,,,,,,,True,-250.0
10700 MERIDIAN AVE N,10700 MERIDIAN AVE N,5.0,1,2025-04-02,2025-04-02,3,2021-03-31,2025-12-02,True,2,True,EQP-CY-03037 | EQP-CY-03036,Conveyance Equipment Certification,"2-P-S - Cabled Elevator, City # 3760 | 1-P-N - Cabled Elevator, City # 3759",Active,1990-03-05,1990-03-05,0,False,,,,,,,True,-1463.0
13725 32ND AVE NE,13725 32ND AVE NE,5.0,1,2025-01-24,2025-01-24,3,2021-08-11,2025-05-14,True,4,True,EQP-CY-03974 | EQP-CY-03973 | EQP-CY-03972 | EQP-CY-03971,Conveyance Equipment Certification,"4-P - Hydraulic Elevator, City # 5680 | 3-P - Hydraulic Elevator, City # 5679 | 2-P - Hydraulic Elevator, City # 5678 | 1-P - Hydraulic Elevator, City # 5677",Active,1990-08-20,1990-08-20,0,False,,,,,,,True,-1262.0
14002 LINDEN AVE N,14002 LINDEN AVE N,5.0,1,2024-03-08,2024-03-08,3,2022-08-12,2025-12-05,True,2,True,EQP-CY-07846 | EQP-CY-07845,Conveyance Equipment Certification,"2-PE - Cabled Elevator, City # 11179 | 1-PW - Cabled Elevator, City # 11178",Active,2013-10-30,2013-10-30,0,False,,,,,,,True,-574.0
5621 22ND AVE NW,5621 22nd AVE NW,6.0,1,2025-11-24,2025-11-24,12,2021-04-26,2025-06-21,True,0,False,,,,,,,0,False,,,,,,,True,-1673.0
1545 NW MARKET ST,1545 NW MARKET ST,6.0,5,2020-01-13,2023-01-23,10,2019-12-15,2026-01-28,True,4,True,EQP-CY-06977 | EQP-CY-06976 | EQP-CY-06975 | EQP-CY-06974,Conveyance Equipment Certification,"N2 - Cabled Elevator, City # 9450 | N1 - Cabled Elevator, City # 9457 | S2 - Cabled Elevator, City # 9459 | S1 - Cabled Elevator, City # 9458",Active,2009-01-22,2009-01-22,0,False,,,,,,,True,-29.0
4316 FREMONT AVE N,4316 FREMONT AVE N,6.0,2,2025-01-23,2025-01-24,8,2024-07-20,2026-01-02,True,1,True,EQP-CY-10803,Conveyance Equipment Certification,"1-P - Cabled Elevator, City # 14423",Active,2023-11-16,2023-11-16,0,False,,,,,,,True,-187.0
4251 AURORA AVE N,4251 AURORA AVE N,6.0,2,2023-08-10,2025-07-09,7,2021-08-31,2026-01-15,True,1,True,EQP-CY-07918,Conveyance Equipment Certification,"1P - Hydraulic Elevator, City # 10498",Active,2014-03-18,2014-03-18,0,False,,,,,,,True,-709.0
5398 RUSSELL AVE NW,5398 RUSSELL AVE NW,6.0,1,2019-01-17,2019-01-17,6,2023-05-06,2025-12-09,True,0,False,,,,,,,0,False,,,,,,,True,1570.0
1715 NW 59TH ST,1715 NW 59TH ST,6.0,2,2025-07-03,2025-07-10,5,2024-04-06,2025-07-01,True,0,False,,,,,,,1,True,EQP-CY-02990,Conveyance Equipment Certification,"1-P - Hydraulic Elevator, City # 4843",Operating Without Certificate,1990-03-02,1990-03-02,True,-453.0
2233 NW 58TH ST,2233 NW 58th ST,6.0,1,2025-05-03,2025-05-03,5,2022-02-10,2024-08-02,True,0,False,,,,,,,3,True,EQP-CY-07373 | EQP-CY-07372 | EQP-CY-07371,Conveyance Equipment Certification,"3-P - Cabled Elevator, City # 9773 | 1-P - Cabled Elevator, City # 9771 | 2-P - Cabled Elevator, City # 9772",Operating Without Certificate,2010-07-06,2010-07-06,True,-1178.0
8551 GREENWOOD AVE N,8551 GREENWOOD AVE N,6.0,1,2025-02-21,2025-02-21,5,2021-06-19,2025-08-30,True,1,True,EQP-CY-05626,Conveyance Equipment Certification,"P1 (Tower A) - Hydraulic Elevator, City # 7452",Active,2000-12-22,2000-12-22,1,True,EQP-CY-05627,Conveyance Equipment Certification,"P2 (Tower B) - Hydraulic Elevator, City # 7453",Operating Without Certificate,2000-12-22,2000-12-22,True,-1343.0
2250 NW 59TH ST,2250 NW 59TH ST,6.0,4,2024-06-15,2024-07-02,4,2021-02-18,2023-02-02,True,0,False,,,,,,,1,True,EQP-CY-02993,Conveyance Equipment Certification,"1-P - Hydraulic Elevator, City # 3117",Operating Without Certificate,1990-03-02,1990-03-02,True,-1213.0
1537 NW 56TH ST,1537 NW 56TH ST,6.0,1,2024-07-10,2024-07-10,4,2020-09-07,2022-10-30,True,2,True,EQP-CY-08645 | EQP-CY-08644,Conveyance Equipment Certification,"2 - Cabled Elevator, City # 12030 | 1 - Cabled Elevator, City # 12029",Active,2017-01-11,2017-01-11,0,False,,,,,,,True,-1402.0
2421 NW MARKET ST,2421 NW MARKET ST,6.0,1,2022-10-28,2022-10-28,4,2023-06-06,2023-10-26,True,3,True,EQP-CY-10561 | EQP-CY-10538 | EQP-CY-10537,Conveyance Equipment Certification,"1-ML - Material Lift, City # 14245 | 2P - Cabled Elevator, City # 13696 | 1 - Cabled Elevator, City # 13695",Active,2022-10-18,2022-10-20,0,False,,,,,,,True,221.0
8105 GREENWOOD AVE N,8105 GREENWOOD AVE N,6.0,1,2025-02-25,2025-02-25,4,2022-04-17,2025-07-31,True,1,True,EQP-CY-10591,Conveyance Equipment Certification,"1P - Cabled Elevator, City # 13902",Active,2023-01-11,2023-01-11,0,False,,,,,,,True,-1045.0
1701 NW 56TH ST,1701 NW 56TH ST,6.0,1,2023-08-14,2023-08-14,3,2023-12-17,2024-02-15,True,2,True,EQP-CY-09553 | EQP-CY-09552,Conveyance Equipment Certification,"2-P - Cabled Elevator, City # 12435 | 1-P - Cabled Elevator, City # 12430",Active,2018-08-02,2018-08-02,0,False,,,,,,,True,125.0
2041 NW 57TH ST,2041 NW 57TH ST,6.0,1,2024-06-03,2024-06-03,3,2020-01-21,2023-08-09,True,0,False,,,,,,,2,True,EQP-CY-07784 | EQP-CY-07783,Conveyance Equipment Certification,"EL-1S - Cabled Elevator, City # 10465 | EL-1N - Cabled Elevator, City # 10455",Operating Without Certificate,2013-07-10,2013-07-10,True,-1595.0
2208 NW MARKET ST,2208 NW MARKET ST,6.0,1,2019-03-07,2019-03-07,3,2023-09-18,2025-07-29,True,1,True,EQP-CY-03311,Conveyance Equipment Certification,"1-P - Cabled Elevator, City # 711",Active,1990-04-05,1990-04-05,0,False,,,,,,,True,1656.0
6726 GREENWOOD AVE N,6726 GREENWOOD AVE N,6.0,1,2023-05-30,2023-05-30,3,2021-04-09,2025-04-06,True,0,False,,,,,,,1,True,EQP-CY-09887,Conveyance Equipment Certification,"1-P - Cabled Elevator, City # 12925",Operating Without Certificate,2019-09-13,2019-09-13,True,-781.0
1760 NW 56TH ST,1760 NW 56TH ST,6.0,3,2015-09-17,2025-04-01,2,2022-03-26,2024-08-12,True,2,True,EQP-CY-08353 | EQP-CY-08352,Conveyance Equipment Certification,"2-P - Cabled Elevator, City # 11639 | 1-P - Cabled Elevator, City # 11638",Active,2016-01-15,2016-01-15,0,False,,,,,,,True,2382.0
708 N 35TH ST,708 N 35TH ST,6.0,3,2025-02-03,2025-04-29,2,2020-06-27,2022-04-21,True,1,True,EQP-CY-02971,Conveyance Equipment Certification,"1-P - Hydraulic Elevator, City # 3659",Active,1990-03-02,1990-03-02,0,False,,,,,,,True,-1682.0
3801 34TH AVE W,3801 34TH AVE W,6.0,1,2017-01-10,2017-01-10,2,2025-11-07,2025-11-12,True,1,True,EQP-CY-00983,Conveyance Equipment Certification,"1-P - Hydraulic Elevator, City # 4792",Active,1989-06-20,1989-06-20,0,False,,,,,,,True,3223.0
414 NE RAVENNA BLVD,414 NE Ravenna BLVD,6.0,1,2018-06-20,2018-06-20,2,2019-12-14,2020-02-18,True,1,True,EQP-CY-08676,Conveyance Equipment Certification,"1-P - Hydraulic Elevator, City # 11496",Active,2017-03-08,2017-03-08,0,False,,,,,,,True,542.0
2024 3RD AVE,2024 3RD AVE,7.0,3,2019-01-07,2025-02-21,51,2021-04-20,2025-06-22,True,1,True,EQP-CY-06128,Conveyance Equipment Certification,"2-P - Cabled Elevator, City # 8199",Active,2003-11-20,2003-11-20,2,True,EQP-CY-06134 | EQP-CY-06129,Conveyance Equipment Certification,"1-VPL - Accessibility Lift (vertical included), City # 8280 | 1-P - Cabled Elevator, City # 8200",Operating Without Certificate,2003-11-20,2003-12-04,True,834.0
2015 2ND AVE,2015 2nd AVE,7.0,1,2023-09-18,2023-09-18,29,2021-05-01,2026-01-03,True,4,True,EQP-CY-08742 | EQP-CY-08741 | EQP-CY-08740 | EQP-CY-08739,Conveyance Equipment Certification,"4-P - Cabled Elevator, City # 12142 | 3-P - Cabled Elevator, City # 11893 | 2-P - Cabled Elevator, City # 11892 | 1-P - Cabled Elevator, City # 11891",Active,2017-05-24,2017-05-24,0,False,,,,,,,True,-870.0
2014 FAIRVIEW AVE,2014 FAIRVIEW AVE,7.0,3,2023-10-29,2024-01-25,25,2022-08-04,2025-11-16,True,4,True,EQP-CY-10549 | EQP-CY-10548 | EQP-CY-10547 | EQP-CY-10546,Conveyance Equipment Certification,"4 - Cabled Elevator, City # 13540 | 3 - Cabled Elevator, City # 13539 | 2 - Cabled Elevator, City # 13538 | 1 - Cabled Elevator, City # 13537",Active,2022-10-19,2022-10-19,0,False,,,,,,,True,-451.0
2801 WESTERN AVE,2801 WESTERN AVE,7.0,2,2024-04-24,2024-04-28,24,2021-11-23,2026-01-11,True,7,True,EQP-CY-05972 | EQP-CY-05971 | EQP-CY-05970 | EQP-CY-05969 | EQP-CY-05968 | EQP-CY-05967 | EQP-CY-05966,Conveyance Equipment Certification,"7-P - Hydraulic Elevator, City # 7797 | 6-P - Cabled Elevator, City # 7796 | 5-P - Cabled Elevator, City # 7795 | 4-P - Cabled Elevator, City # 7794 | 3-P - Cabled Elevator, City # 7793 | 2-P - Cabled Elevator, City # 7792 | 1-P - Cabled Elevator, City # 7791",Active,2002-05-22,2002-05-22,0,False,,,,,,,True,-883.0
800 SENECA ST,800 SENECA ST,7.0,12,2016-10-31,2025-07-27,21,2020-01-19,2026-01-19,True,3,True,EQP-CY-08148 | EQP-CY-08147 | EQP-CY-08144,Conveyance Equipment Certification,"C - Cabled Elevator, City # 11363 | B - Cabled Elevator, City # 11362 | A - Cabled Elevator, City # 11361",Active,2015-04-08,2015-04-09,0,False,,,,,,,True,1175.0
320 QUEEN ANNE AVE N,320 QUEEN ANNE AVE N,7.0,1,2024-10-11,2024-10-11,20,2022-02-06,2024-10-10,True,1,True,EQP-CY-10288,Conveyance Equipment Certification,"P1 - Cabled Elevator, City # 13552",Active,2021-05-14,2021-05-14,0,False,,,,,,,True,-978.0
710 CHERRY ST,710 Cherry ST,7.0,1,2023-03-24,2023-03-24,18,2020-03-02,2025-03-10,True,0,False,,,,,,,2,True,EQP-CY-08814 | EQP-CY-08813,Conveyance Equipment Certification,"2-P - Cabled Elevator, City # 12244 | 1-P - Cabled Elevator, City # 12243",Operating Without Certificate,2017-09-13,2017-09-13,True,-1117.0
1102 8TH AVE,1102 8TH AVE,7.0,14,2018-06-25,2025-08-06,16,2021-05-16,2023-10-09,True,2,True,EQP-CY-03202 | EQP-CY-03200,Conveyance Equipment Certification,"3-P - Cabled Elevator, City # 736 | 1-P - Cabled Elevator, City # 734",Active,1990-04-04,1990-04-04,1,True,EQP-CY-03201,Conveyance Equipment Certification,"2-P - Cabled Elevator, City # 735",Operating Without Certificate,1990-04-04,1990-04-04,True,1056.0
1430 2ND AVE,1430 2nd AVE,7.0,2,2023-08-30,2024-10-27,16,2020-01-17,2025-10-23,True,6,True,EQP-CY-08950 | EQP-CY-08949 | EQP-CY-08948 | EQP-CY-08947 | EQP-CY-08946 | EQP-CY-08945,Conveyance Equipment Certification,"E - Cabled Elevator, City # 12318 | F - Cabled Elevator, City # 12319 | D - Cabled Elevator, City # 12230 | C - Cabled Elevator, City # 12229 | B - Cabled Elevator, City # 12228 | A - Cabled Elevator, City # 12227",Active,2018-02-16,2018-02-16,0,False,,,,,,,True,-1321.0
888 WESTERN AVE,888 WESTERN AVE,7.0,2,2024-01-30,2024-05-01,15,2021-05-07,2025-12-20,True,4,True,EQP-CY-07689 | EQP-CY-07688 | EQP-CY-07687 | EQP-CY-07686,Conveyance Equipment Certification,"4 - Hydraulic Elevator, City # 10360 | 3 - Cabled Elevator, City # 10304 | 2 - Cabled Elevator, City # 10303 | 1 - Cabled Elevator, City # 10302",Active,2012-12-19,2012-12-19,0,False,,,,,,,True,-998.0
1600 2ND AVE,1600 2ND AVE,7.0,5,2018-08-05,2025-10-02,14,2023-08-09,2025-06-20,True,0,False,,,,,,,5,True,EQP-CY-08803 | EQP-CY-08802 | EQP-CY-08801 | EQP-CY-08800 | EQP-CY-08799,Conveyance Equipment Certification,"5-P - Cabled Elevator, City # 11878 | 4-P - Cabled Elevator, City # 11877 | 3-P - Cabled Elevator, City # 11876 | 2-P - Cabled Elevator, City # 11875 | 1-P - Cabled Elevator, City # 11874",Operating Without Certificate,2017-08-31,2017-08-31,True,1830.0
1811 EASTLAKE AVE,1811 EASTLAKE AVE,7.0,3,2022-08-19,2025-07-21,13,2021-06-15,2025-07-24,True,1,True,EQP-CY-06442,Conveyance Equipment Certification,"Cabled Elevator, City # 8578",Active,2006-02-01,2006-02-01,0,False,,,,,,,True,-430.0
809 OLIVE WAY,809 OLIVE WAY,7.0,3,2023-05-05,2024-05-18,12,2021-02-26,2024-04-28,True,4,True,EQP-CY-07879 | EQP-CY-07151 | EQP-CY-07150 | EQP-CY-07149,Conveyance Equipment Certification,"1-HL - Accessibility Lift (vertical included), City # 11254 | 3-P - Cabled Elevator, City # 9483 | 2-P - Cabled Elevator, City # 9482 | 1-P - Cabled Elevator, City # 9481",Active,2009-08-18,2014-01-10,0,False,,,,,,,True,-798.0
1831 8TH AVE,1831 8TH AVE,7.0,1,2021-09-13,2021-09-13,12,2021-05-06,2025-12-30,True,2,True,EQP-CY-05982 | EQP-CY-05981,Conveyance Equipment Certification,"2 - Hydraulic Elevator, City # 7945 | 1 - Hydraulic Elevator, City # 7944",Active,2002-06-12,2002-06-12,0,False,,,,,,,True,-130.0
50 UNIVERSITY ST,50 UNIVERSITY ST,7.0,2,2024-04-02,2024-05-07,11,2020-02-01,2024-07-07,True,3,True,EQP-CY-08647 | EQP-CY-08648 | EQP-CY-08646,Conveyance Equipment Certification,"2-P - Cabled Elevator, City # 11905 | VPL-1 - Accessibility Lift (vertical included), City # 12140 | 1-P - Cabled Elevator, City # 11904",Active,2017-01-24,2017-01-24,0,False,,,,,,,True,-1522.0
1701 DEXTER AVE N,1701 DEXTER AVE N,7.0,1,2021-12-20,2021-12-20,11,2021-08-06,2025-10-26,True,0,False,,,,,,,1,True,EQP-CY-08506,Conveyance Equipment Certification,"1-P - Cabled Elevator, City # 11789",Operating Without Certificate,2016-07-21,2016-07-21,True,-136.0
2400 4TH AVE,2400 4TH AVE,7.0,1,2020-04-07,2020-04-07,11,2021-03-28,2025-12-22,True,4,True,EQP-CY-05330 | EQP-CY-05329 | EQP-CY-05328 | EQP-CY-05327,Conveyance Equipment Certification,"4 - Hydraulic Elevator, City # 6864 | 3 - Hydraulic Elevator, City # 6863 | 2 - Hydraulic Elevator, City # 6862 | 1 - Hydraulic Elevator, City # 6861",Active,1999-05-24,1999-05-24,0,False,,,,,,,True,355.0
919 STEWART ST,919 STEWART ST,7.0,1,2025-09-30,2025-09-30,11,2019-12-15,2025-11-16,True,0,False,,,,,,,0,False,,,,,,,True,-2116.0
600 7TH AVE,600 7TH AVE,7.0,2,2021-01-21,2021-03-10,10,2024-03-09,2025-05-28,True,2,True,EQP-CY-04375 | EQP-CY-04374,Conveyance Equipment Certification,"2-P - Hydraulic Elevator, City # 5862 | 1-P - Hydraulic Elevator, City # 5861",Active,1991-11-20,1991-11-20,0,False,,,,,,,True,1143.0
823 MADISON ST,823 MADISON ST,7.0,2,2019-11-15,2019-11-22,10,2020-04-22,2022-03-04,True,0,False,,,,,,,0,False,,,,,,,True,159.0
